Titel, Referentiedatasoort[Waarden],
"Referentiedatasoort:AANBIEDINGDETAILSTATUS","Klasse,Klasse:VERA-Aanbiedingen/VERA 4.3.0+260116.28,Woonruimteverdeling,
Bericht,Klasse:WRV-Aanbiedingen/VERA 4.3.0+260116.28,WRV"
"Referentiedatasoort:AANBIEDINGSTATUS","Klasse,Klasse:VERA-Aanbiedingen/VERA 4.3.0+260116.28,Woonruimteverdeling,
Bericht,Klasse:WRV-Aanbiedingen/VERA 4.3.0+260116.28,WRV"
"Referentiedatasoort:AANGEMERKTHUURTOESLAG","Klasse,Klasse:VERA-Eenheden/VERA 4.3.0+260116.28,Vastgoed,
Bericht,Klasse:BVG-Eenheden/VERA 4.3.0+260116.28,BVG
Bericht,Klasse:VHE-Eenheden/VERA 4.3.0+260116.28,VHE
Bericht,Klasse:WRV-Eenheden/VERA 4.3.0+260116.28,WRV
Bericht,Klasse:WRV-Publicaties/VERA 4.3.0+260116.28,WRV"
"Referentiedatasoort:AANVULLENDEDOELGROEP","Klasse,Klasse:VERA-Eenheden/VERA 4.3.0+260116.28,Vastgoed,
Klasse,Klasse:VERA-Toewijzingen/VERA 4.3.0+260116.28,Woonruimteverdeling,
Bericht,Klasse:BVG-Eenheden/VERA 4.3.0+260116.28,BVG
Bericht,Klasse:VHE-Eenheden/VERA 4.3.0+260116.28,VHE
Bericht,Klasse:WRV-Eenheden/VERA 4.3.0+260116.28,WRV
Bericht,Klasse:WRV-Publicaties/VERA 4.3.0+260116.28,WRV
Bericht,Klasse:WRV-Toewijzingen/VERA 4.3.0+260116.28,WRV"
"Referentiedatasoort:ACCOUNTSTATUS","Klasse,Klasse:VERA-Accounts/VERA 4.3.0+260116.28,Relaties,
Bericht,Klasse:BRG-Relaties/VERA 4.3.0+260116.28,BRG
Bericht,Klasse:WRV-Relaties/VERA 4.3.0+260116.28,WRV"
"Referentiedatasoort:ADRESSOORT","Klasse,Klasse:VERA-Adressen/VERA 4.3.0+260116.28,Vastgoed,
Klasse,Klasse:VERA-BuitenlandsAdressen/VERA 4.3.0+260116.28,Vastgoed,
Klasse,Klasse:VERA-Eenheidadressen/VERA 4.3.0+260116.28,Vastgoed,
Klasse,Klasse:VERA-Postadressen/VERA 4.3.0+260116.28,Vastgoed,
Bericht,Klasse:BRG-Relaties/VERA 4.3.0+260116.28,BRG
Bericht,Klasse:BVG-Eenheden/VERA 4.3.0+260116.28,BVG
Bericht,Klasse:KMT-Kwaliteitsmetingsverzoeken/VERA 4.3.0+260116.28,KMT
Bericht,Klasse:KMT-Onderzoeksopdrachten/VERA 4.3.0+260116.28,KMT
Bericht,Klasse:OHD-AfspraakOpties/VERA 4.3.0+260116.28,OHD
Bericht,Klasse:OHD-Afspraken/VERA 4.3.0+260116.28,OHD
Bericht,Klasse:OHD-CollectiefObjecten/VERA 4.3.0+260116.28,OHD
Bericht,Klasse:OHD-Onderhoudsorders/VERA 4.3.0+260116.28,OHD
Bericht,Klasse:VHE-Eenheden/VERA 4.3.0+260116.28,VHE
Bericht,Klasse:VHE-Huuropzeggingen/VERA 4.3.0+260116.28,VHE
Bericht,Klasse:WRV-Eenheden/VERA 4.3.0+260116.28,WRV
Bericht,Klasse:WRV-Kandidaten/VERA 4.3.0+260116.28,WRV
Bericht,Klasse:WRV-Overeenkomstkoppelingen/VERA 4.3.0+260116.28,WRV
Bericht,Klasse:WRV-Puntenberekeningen/VERA 4.3.0+260116.28,WRV
Bericht,Klasse:WRV-Relaties/VERA 4.3.0+260116.28,WRV
Bericht,Klasse:WRV-Sancties/VERA 4.3.0+260116.28,WRV"
"Referentiedatasoort:AFLETTERSTATUS","Klasse,Klasse:VERA-Boekingen/VERA 4.3.0+260116.28,Financien,
Bericht,Klasse:BFG-Boekingen/VERA 4.3.0+260116.28,BFG"
"Referentiedatasoort:AFREKENWIJZESOORT","Klasse,Klasse:VERA-Onderhoudsorders/VERA 4.3.0+260116.28,Onderhoud,
Klasse,Klasse:VERA-Projectorders/VERA 4.3.0+260116.28,Projectontwikkeling,
Bericht,Klasse:OHD-Onderhoudsorders/VERA 4.3.0+260116.28,OHD"
"Referentiedatasoort:AFSPRAAKSTATUS","Klasse,Klasse:VERA-Afspraken/VERA 4.3.0+260116.28,Relaties,
Bericht,Klasse:OHD-Afspraken/VERA 4.3.0+260116.28,OHD
Bericht,Klasse:OHD-Onderhoudsorders/VERA 4.3.0+260116.28,OHD
Bericht,Klasse:VHE-Huuropzeggingen/VERA 4.3.0+260116.28,VHE"
"Referentiedatasoort:AFSPRAAKVERZOEKSOORT","Klasse,Klasse:VERA-Afspraakverzoeken/VERA 4.3.0+260116.28,Relaties,
Bericht,Klasse:VHE-Eenheden/VERA 4.3.0+260116.28,VHE"
"Referentiedatasoort:AKTESOORT","Klasse,Klasse:VERA-ZekerheidVerpandingen/VERA 4.3.0+260116.28,Vastgoed"
"Referentiedatasoort:ANTWOORDOPTIES","Klasse,Klasse:VERA-VragenlijstRegels/VERA 4.3.0+260116.28,Kwaliteit,
Bericht,Klasse:KMT-Onderzoeksopdrachten/VERA 4.3.0+260116.28,KMT"
"Referentiedatasoort:ARCHIEFNOMINATIE","Klasse,Klasse:VERA-Dossiers/VERA 4.3.0+260116.28,Dossier,
Klasse,Klasse:VERA-Informatieobjecten/VERA 4.3.0+260116.28,Dossier,
Klasse,Klasse:VERA-Zaken/VERA 4.3.0+260116.28,Dossier,
Bericht,Klasse:BDO-Informatieobjecten/VERA 4.3.0+260116.28,BDO
Bericht,Klasse:Shared-Shared/VERA 4.3.0+260116.28,Shared"
"Referentiedatasoort:ARCHIEFSTATUS","Klasse,Klasse:VERA-Zaken/VERA 4.3.0+260116.28,Dossier"
"Referentiedatasoort:AUTHENTIEKGEGEVENBRON","Klasse,Klasse:VERA-AuthentiekeGegevens/VERA 4.3.0+260116.28,Dossier,
Bericht,Klasse:WRV-Kandidaten/VERA 4.3.0+260116.28,WRV"
"Referentiedatasoort:AUTHENTIEKGEGEVENSOORT","Klasse,Klasse:VERA-AuthentiekeGegevens/VERA 4.3.0+260116.28,Dossier,
Bericht,Klasse:WRV-Kandidaten/VERA 4.3.0+260116.28,WRV"
"Referentiedatasoort:AUTHENTIEKGEGEVENSTATUS","Klasse,Klasse:VERA-AuthentiekeGegevens/VERA 4.3.0+260116.28,Dossier"
"Referentiedatasoort:BANKAFSCHRIFTREGELSOORT","Klasse,Klasse:VERA-BankafschriftRegels/VERA 4.3.0+260116.28,Financien"
"Referentiedatasoort:BANKAFSCHRIFTSTATUS","Klasse,Klasse:VERA-Bankafschriften/VERA 4.3.0+260116.28,Financien"
"Referentiedatasoort:BATSCORE","Klasse,Klasse:VERA-Eenheden/VERA 4.3.0+260116.28,Vastgoed,
Bericht,Klasse:BVG-Eenheden/VERA 4.3.0+260116.28,BVG
Bericht,Klasse:VHE-Eenheden/VERA 4.3.0+260116.28,VHE
Bericht,Klasse:WRV-Eenheden/VERA 4.3.0+260116.28,WRV
Bericht,Klasse:WRV-Publicaties/VERA 4.3.0+260116.28,WRV"
"Referentiedatasoort:BEDRIJFSOORT","Klasse,Klasse:VERA-FinancieelBedrijven/VERA 4.3.0+260116.28,Financien"
"Referentiedatasoort:BEGROTINGVERSIE","Klasse,Klasse:VERA-Begrotingen/VERA 4.3.0+260116.28,Financien"
"Referentiedatasoort:BEOORDELINGSSCHAAL","Klasse,Klasse:VERA-Kwaliteitsmetingsresultaten/VERA 4.3.0+260116.28,Kwaliteit,
Bericht,Klasse:KMT-Kwaliteitsmetingsresultaten/VERA 4.3.0+260116.28,KMT"
"Referentiedatasoort:BESTEMMING","Klasse,Klasse:VERA-Eenheden/VERA 4.3.0+260116.28,Vastgoed,
Klasse,Klasse:VERA-Zoekprofielen/VERA 4.3.0+260116.28,Woonruimteverdeling,
Bericht,Klasse:BVG-Eenheden/VERA 4.3.0+260116.28,BVG
Bericht,Klasse:VHE-Eenheden/VERA 4.3.0+260116.28,VHE
Bericht,Klasse:WRV-Eenheden/VERA 4.3.0+260116.28,WRV
Bericht,Klasse:WRV-Publicaties/VERA 4.3.0+260116.28,WRV"
"Referentiedatasoort:BETAALGEGEVENSOORT","Klasse,Klasse:VERA-Betaalgegevens/VERA 4.3.0+260116.28,Relaties,
Bericht,Klasse:BFG-Boekingen/VERA 4.3.0+260116.28,BFG
Bericht,Klasse:BOG-Betaalwijzen/VERA 4.3.0+260116.28,BOG
Bericht,Klasse:BOG-Overeenkomsten/VERA 4.3.0+260116.28,BOG
Bericht,Klasse:BRG-Betaalgegevens/VERA 4.3.0+260116.28,BRG
Bericht,Klasse:INC-Betalingsregelingen/VERA 4.3.0+260116.28,INC
Bericht,Klasse:OHD-Inkoopfacturen/VERA 4.3.0+260116.28,OHD"
"Referentiedatasoort:BETAALOPDRACHTSTATUS","Klasse,Klasse:VERA-Betaalopdrachten/VERA 4.3.0+260116.28,Financien"
"Referentiedatasoort:BETAALWIJZEDEELSOORT","Klasse,Klasse:VERA-Betaalwijzen/VERA 4.3.0+260116.28,Financien,
Bericht,Klasse:BOG-Betaalwijzen/VERA 4.3.0+260116.28,BOG
Bericht,Klasse:BOG-Overeenkomsten/VERA 4.3.0+260116.28,BOG"
"Referentiedatasoort:BETAALWIJZESOORT","Klasse,Klasse:VERA-Betaalwijzen/VERA 4.3.0+260116.28,Financien,
Bericht,Klasse:BOG-Betaalwijzen/VERA 4.3.0+260116.28,BOG
Bericht,Klasse:BOG-Overeenkomsten/VERA 4.3.0+260116.28,BOG
Bericht,Klasse:INC-Betalingsregelingen/VERA 4.3.0+260116.28,INC"
"Referentiedatasoort:BETALINGSREGELINGEINDEREDEN","Klasse,Klasse:VERA-Betalingsregelingen/VERA 4.3.0+260116.28,Financien,
Bericht,Klasse:INC-Betalingsregelingen/VERA 4.3.0+260116.28,INC"
"Referentiedatasoort:BETALINGSREGELINGSTATUS","Klasse,Klasse:VERA-Betalingsregelingen/VERA 4.3.0+260116.28,Financien,
Bericht,Klasse:INC-Betalingsregelingen/VERA 4.3.0+260116.28,INC"
"Referentiedatasoort:BETALINGSREGELINGTERMIJNSTATUS","Klasse,Klasse:VERA-BetalingsregelingTermijnen/VERA 4.3.0+260116.28,Financien,
Bericht,Klasse:INC-Betalingsregelingen/VERA 4.3.0+260116.28,INC"
"Referentiedatasoort:BEWAKINGSSTATUS","Klasse,Klasse:VERA-Arbeidsovereenkomsten/VERA 4.3.0+260116.28,Overeenkomsten,
Klasse,Klasse:VERA-Huurovereenkomsten/VERA 4.3.0+260116.28,Overeenkomsten,
Klasse,Klasse:VERA-Inschrijvingen/VERA 4.3.0+260116.28,Overeenkomsten,
Klasse,Klasse:VERA-Koopovereenkomsten/VERA 4.3.0+260116.28,Overeenkomsten,
Klasse,Klasse:VERA-Monitoringovereenkomsten/VERA 4.3.0+260116.28,Overeenkomsten,
Klasse,Klasse:VERA-Onderhoudsovereenkomsten/VERA 4.3.0+260116.28,Overeenkomsten,
Klasse,Klasse:VERA-Overeenkomsten/VERA 4.3.0+260116.28,Overeenkomsten,
Klasse,Klasse:VERA-Serviceovereenkomsten/VERA 4.3.0+260116.28,Overeenkomsten,
Bericht,Klasse:BOG-Overeenkomsten/VERA 4.3.0+260116.28,BOG"
"Referentiedatasoort:BOEKINGDETAILSOORT","Klasse,Klasse:VERA-Boekingen/VERA 4.3.0+260116.28,Financien,
Bericht,Klasse:BFG-Boekingen/VERA 4.3.0+260116.28,BFG"
"Referentiedatasoort:BOEKINGSOORT","Klasse,Klasse:VERA-Boekingen/VERA 4.3.0+260116.28,Financien,
Bericht,Klasse:BFG-Boekingen/VERA 4.3.0+260116.28,BFG"
"Referentiedatasoort:BOEKINGSTATUS","Klasse,Klasse:VERA-Boekingen/VERA 4.3.0+260116.28,Financien,
Bericht,Klasse:BFG-Boekingen/VERA 4.3.0+260116.28,BFG"
"Referentiedatasoort:BOEKJAARPERIODESOORT","Klasse,Klasse:VERA-Boekjaren/VERA 4.3.0+260116.28,Financien,
Klasse,Klasse:VERA-BoekjaarPerioden/VERA 4.3.0+260116.28,Financien"
"Referentiedatasoort:BOEKJAARPERIODESTATUS","Klasse,Klasse:VERA-BoekjaarPerioden/VERA 4.3.0+260116.28,Financien"
"Referentiedatasoort:BOEKJAARSTATUS","Klasse,Klasse:VERA-Boekjaren/VERA 4.3.0+260116.28,Financien"
"Referentiedatasoort:BOUWKUNDIGELEMENTDETAILSOORT","Klasse,Klasse:VERA-BouwkundigElementen/VERA 4.3.0+260116.28,Vastgoed,
Bericht,Klasse:BVG-BouwkundigElementen/VERA 4.3.0+260116.28,BVG
Bericht,Klasse:BVG-Ruimten/VERA 4.3.0+260116.28,BVG
Bericht,Klasse:OHD-BouwkundigElementen/VERA 4.3.0+260116.28,OHD
Bericht,Klasse:OHD-Inspectierapporten/VERA 4.3.0+260116.28,OHD"
"Referentiedatasoort:BOUWKUNDIGELEMENTPLAATSING","Klasse,Klasse:VERA-BouwkundigElementen/VERA 4.3.0+260116.28,Vastgoed,
Bericht,Klasse:BVG-BouwkundigElementen/VERA 4.3.0+260116.28,BVG
Bericht,Klasse:BVG-Ruimten/VERA 4.3.0+260116.28,BVG
Bericht,Klasse:OHD-BouwkundigElementen/VERA 4.3.0+260116.28,OHD"
"Referentiedatasoort:BOUWKUNDIGELEMENTSOORT","Klasse,Klasse:VERA-BouwkundigElementen/VERA 4.3.0+260116.28,Vastgoed,
Bericht,Klasse:BVG-BouwkundigElementen/VERA 4.3.0+260116.28,BVG
Bericht,Klasse:BVG-Ruimten/VERA 4.3.0+260116.28,BVG
Bericht,Klasse:OHD-BouwkundigElementen/VERA 4.3.0+260116.28,OHD
Bericht,Klasse:OHD-Inspectierapporten/VERA 4.3.0+260116.28,OHD"
"Referentiedatasoort:BRANDWERENDHEIDSCORE","Klasse,Klasse:VERA-BouwkundigElementen/VERA 4.3.0+260116.28,Vastgoed,
Bericht,Klasse:BVG-BouwkundigElementen/VERA 4.3.0+260116.28,BVG
Bericht,Klasse:BVG-Ruimten/VERA 4.3.0+260116.28,BVG
Bericht,Klasse:OHD-BouwkundigElementen/VERA 4.3.0+260116.28,OHD"
"Referentiedatasoort:BTW","Klasse,Klasse:VERA-Prijscomponenten/VERA 4.3.0+260116.28,Overeenkomsten,
Bericht,Klasse:BOG-Overeenkomsten/VERA 4.3.0+260116.28,BOG
Bericht,Klasse:BOG-Prijscomponenten/VERA 4.3.0+260116.28,BOG
Bericht,Klasse:BVG-Eenheden/VERA 4.3.0+260116.28,BVG
Bericht,Klasse:VHE-Eenheden/VERA 4.3.0+260116.28,VHE
Bericht,Klasse:WRV-Eenheden/VERA 4.3.0+260116.28,WRV
Bericht,Klasse:WRV-Publicaties/VERA 4.3.0+260116.28,WRV"
"Referentiedatasoort:BTWAANGIFTESTATUS","Klasse,Klasse:VERA-BtwAangiften/VERA 4.3.0+260116.28,Financien"
"Referentiedatasoort:BURGERLIJKESTAAT","Klasse,Klasse:VERA-NatuurlijkPersonen/VERA 4.3.0+260116.28,Relaties"
"Referentiedatasoort:CLUSTERSOORT","Klasse,Klasse:VERA-Clusters/VERA 4.3.0+260116.28,Vastgoed,
Bericht,Klasse:BVG-Clusters/VERA 4.3.0+260116.28,BVG
Bericht,Klasse:BVG-Eenheden/VERA 4.3.0+260116.28,BVG
Bericht,Klasse:OHD-CollectiefObjecten/VERA 4.3.0+260116.28,OHD
Bericht,Klasse:VHE-Clusters/VERA 4.3.0+260116.28,VHE
Bericht,Klasse:VHE-Eenheden/VERA 4.3.0+260116.28,VHE
Bericht,Klasse:WRV-Eenheden/VERA 4.3.0+260116.28,WRV
Bericht,Klasse:WRV-Publicaties/VERA 4.3.0+260116.28,WRV"
"Referentiedatasoort:COLLECTIEFOBJECTSOORT","Klasse,Klasse:VERA-CollectiefObjecten/VERA 4.3.0+260116.28,Vastgoed,
Bericht,Klasse:BVG-Eenheden/VERA 4.3.0+260116.28,BVG
Bericht,Klasse:OHD-CollectiefObjecten/VERA 4.3.0+260116.28,OHD
Bericht,Klasse:WRV-Eenheden/VERA 4.3.0+260116.28,WRV
Bericht,Klasse:WRV-Publicaties/VERA 4.3.0+260116.28,WRV"
"Referentiedatasoort:COMMUNICATIEKANAAL","Klasse,Klasse:VERA-Onderzoeksopdrachten/VERA 4.3.0+260116.28,Kwaliteit,
Klasse,Klasse:VERA-Contactmomenten/VERA 4.3.0+260116.28,Relaties,
Bericht,Klasse:BDO-Informatieobjecten/VERA 4.3.0+260116.28,BDO
Bericht,Klasse:BRG-Contactmomenten/VERA 4.3.0+260116.28,BRG
Bericht,Klasse:KMT-Kwaliteitsmetingsverzoeken/VERA 4.3.0+260116.28,KMT
Bericht,Klasse:KMT-Onderzoeksopdrachten/VERA 4.3.0+260116.28,KMT
Bericht,Klasse:OHD-Onderhoudsverzoeken/VERA 4.3.0+260116.28,OHD
Bericht,Klasse:WRV-Aanbiedingen/VERA 4.3.0+260116.28,WRV
Bericht,Klasse:WRV-Reclamaties/VERA 4.3.0+260116.28,WRV"
"Referentiedatasoort:COMMUNICATIERICHTING","Klasse,Klasse:VERA-Contactmomenten/VERA 4.3.0+260116.28,Relaties,
Bericht,Klasse:BDO-Informatieobjecten/VERA 4.3.0+260116.28,BDO
Bericht,Klasse:BRG-Contactmomenten/VERA 4.3.0+260116.28,BRG
Bericht,Klasse:KMT-Kwaliteitsmetingsverzoeken/VERA 4.3.0+260116.28,KMT
Bericht,Klasse:OHD-Onderhoudsverzoeken/VERA 4.3.0+260116.28,OHD
Bericht,Klasse:WRV-Aanbiedingen/VERA 4.3.0+260116.28,WRV
Bericht,Klasse:WRV-Reclamaties/VERA 4.3.0+260116.28,WRV"
"Referentiedatasoort:COMMUNICATIEVOORKEURSOORT","Klasse,Klasse:VERA-Communicatievoorkeuren/VERA 4.3.0+260116.28,Relaties,
Bericht,Klasse:BRG-Relaties/VERA 4.3.0+260116.28,BRG
Bericht,Klasse:KMT-Kwaliteitsmetingsverzoeken/VERA 4.3.0+260116.28,KMT
Bericht,Klasse:WRV-Eenheden/VERA 4.3.0+260116.28,WRV
Bericht,Klasse:WRV-Publicaties/VERA 4.3.0+260116.28,WRV
Bericht,Klasse:WRV-Relaties/VERA 4.3.0+260116.28,WRV"
"Referentiedatasoort:CONDITIESCORE","Klasse,Klasse:VERA-Conditiemetingen/VERA 4.3.0+260116.28,Vastgoed"
"Referentiedatasoort:CONTACTGEGEVENDETAILSOORT","Klasse,Klasse:VERA-Contactgegevens/VERA 4.3.0+260116.28,Relaties,
Klasse,Klasse:VERA-Telefoonnummers/VERA 4.3.0+260116.28,Relaties,
Bericht,Klasse:BRG-Relaties/VERA 4.3.0+260116.28,BRG
Bericht,Klasse:KMT-Kwaliteitsmetingsverzoeken/VERA 4.3.0+260116.28,KMT
Bericht,Klasse:KMT-Onderzoeksopdrachten/VERA 4.3.0+260116.28,KMT
Bericht,Klasse:OHD-Afspraken/VERA 4.3.0+260116.28,OHD
Bericht,Klasse:OHD-Onderhoudsorders/VERA 4.3.0+260116.28,OHD
Bericht,Klasse:OHD-Onderhoudsverzoeken/VERA 4.3.0+260116.28,OHD
Bericht,Klasse:WRV-Aanbiedingen/VERA 4.3.0+260116.28,WRV
Bericht,Klasse:WRV-Eenheden/VERA 4.3.0+260116.28,WRV
Bericht,Klasse:WRV-Kandidaten/VERA 4.3.0+260116.28,WRV
Bericht,Klasse:WRV-Publicaties/VERA 4.3.0+260116.28,WRV
Bericht,Klasse:WRV-Reclamaties/VERA 4.3.0+260116.28,WRV
Bericht,Klasse:WRV-Relaties/VERA 4.3.0+260116.28,WRV"
"Referentiedatasoort:CONTACTGEGEVENSOORT","Klasse,Klasse:VERA-Contactgegevens/VERA 4.3.0+260116.28,Relaties,
Klasse,Klasse:VERA-NatuurlijkPersonen/VERA 4.3.0+260116.28,Relaties,
Klasse,Klasse:VERA-Onderhoudsleveranciers/VERA 4.3.0+260116.28,Relaties,
Klasse,Klasse:VERA-Rechtspersonen/VERA 4.3.0+260116.28,Relaties,
Klasse,Klasse:VERA-Relaties/VERA 4.3.0+260116.28,Relaties,
Klasse,Klasse:VERA-Relatiegroepen/VERA 4.3.0+260116.28,Relaties,
Klasse,Klasse:VERA-Telefoonnummers/VERA 4.3.0+260116.28,Relaties,
Bericht,Klasse:BRG-Relaties/VERA 4.3.0+260116.28,BRG
Bericht,Klasse:BRG-Relaties/VERA 4.3.0+260116.28,BRG
Bericht,Klasse:KMT-Kwaliteitsmetingsverzoeken/VERA 4.3.0+260116.28,KMT
Bericht,Klasse:KMT-Kwaliteitsmetingsverzoeken/VERA 4.3.0+260116.28,KMT
Bericht,Klasse:KMT-Onderzoeksopdrachten/VERA 4.3.0+260116.28,KMT
Bericht,Klasse:OHD-Afspraken/VERA 4.3.0+260116.28,OHD
Bericht,Klasse:OHD-Onderhoudsorders/VERA 4.3.0+260116.28,OHD
Bericht,Klasse:OHD-Onderhoudsverzoeken/VERA 4.3.0+260116.28,OHD
Bericht,Klasse:WRV-Aanbiedingen/VERA 4.3.0+260116.28,WRV
Bericht,Klasse:WRV-Eenheden/VERA 4.3.0+260116.28,WRV
Bericht,Klasse:WRV-Eenheden/VERA 4.3.0+260116.28,WRV
Bericht,Klasse:WRV-Kandidaten/VERA 4.3.0+260116.28,WRV
Bericht,Klasse:WRV-Kandidaten/VERA 4.3.0+260116.28,WRV
Bericht,Klasse:WRV-Publicaties/VERA 4.3.0+260116.28,WRV
Bericht,Klasse:WRV-Publicaties/VERA 4.3.0+260116.28,WRV
Bericht,Klasse:WRV-Reclamaties/VERA 4.3.0+260116.28,WRV
Bericht,Klasse:WRV-Relaties/VERA 4.3.0+260116.28,WRV
Bericht,Klasse:WRV-Relaties/VERA 4.3.0+260116.28,WRV"
"Referentiedatasoort:CONTACTGEGEVENSTATUS","Klasse,Klasse:VERA-Contactgegevens/VERA 4.3.0+260116.28,Relaties,
Klasse,Klasse:VERA-Telefoonnummers/VERA 4.3.0+260116.28,Relaties,
Bericht,Klasse:BRG-Relaties/VERA 4.3.0+260116.28,BRG
Bericht,Klasse:KMT-Kwaliteitsmetingsverzoeken/VERA 4.3.0+260116.28,KMT
Bericht,Klasse:KMT-Onderzoeksopdrachten/VERA 4.3.0+260116.28,KMT
Bericht,Klasse:OHD-Afspraken/VERA 4.3.0+260116.28,OHD
Bericht,Klasse:OHD-Onderhoudsorders/VERA 4.3.0+260116.28,OHD
Bericht,Klasse:OHD-Onderhoudsverzoeken/VERA 4.3.0+260116.28,OHD
Bericht,Klasse:WRV-Aanbiedingen/VERA 4.3.0+260116.28,WRV
Bericht,Klasse:WRV-Eenheden/VERA 4.3.0+260116.28,WRV
Bericht,Klasse:WRV-Kandidaten/VERA 4.3.0+260116.28,WRV
Bericht,Klasse:WRV-Publicaties/VERA 4.3.0+260116.28,WRV
Bericht,Klasse:WRV-Relaties/VERA 4.3.0+260116.28,WRV"
"Referentiedatasoort:CONTACTGEGEVENVOORKEUR","Klasse,Klasse:VERA-Contactgegevens/VERA 4.3.0+260116.28,Relaties,
Klasse,Klasse:VERA-Telefoonnummers/VERA 4.3.0+260116.28,Relaties,
Bericht,Klasse:BRG-Relaties/VERA 4.3.0+260116.28,BRG
Bericht,Klasse:KMT-Kwaliteitsmetingsverzoeken/VERA 4.3.0+260116.28,KMT
Bericht,Klasse:KMT-Onderzoeksopdrachten/VERA 4.3.0+260116.28,KMT
Bericht,Klasse:OHD-Afspraken/VERA 4.3.0+260116.28,OHD
Bericht,Klasse:OHD-Onderhoudsorders/VERA 4.3.0+260116.28,OHD
Bericht,Klasse:OHD-Onderhoudsverzoeken/VERA 4.3.0+260116.28,OHD
Bericht,Klasse:WRV-Aanbiedingen/VERA 4.3.0+260116.28,WRV
Bericht,Klasse:WRV-Eenheden/VERA 4.3.0+260116.28,WRV
Bericht,Klasse:WRV-Kandidaten/VERA 4.3.0+260116.28,WRV
Bericht,Klasse:WRV-Publicaties/VERA 4.3.0+260116.28,WRV
Bericht,Klasse:WRV-Relaties/VERA 4.3.0+260116.28,WRV"
"Referentiedatasoort:CONTACTMOMENTDETAILSOORT","Klasse,Klasse:VERA-Contactmomenten/VERA 4.3.0+260116.28,Relaties,
Bericht,Klasse:BDO-Informatieobjecten/VERA 4.3.0+260116.28,BDO
Bericht,Klasse:BRG-Contactmomenten/VERA 4.3.0+260116.28,BRG
Bericht,Klasse:WRV-Aanbiedingen/VERA 4.3.0+260116.28,WRV
Bericht,Klasse:WRV-Reclamaties/VERA 4.3.0+260116.28,WRV"
"Referentiedatasoort:CONTACTMOMENTSOORT","Klasse,Klasse:VERA-Contactmomenten/VERA 4.3.0+260116.28,Relaties,
Bericht,Klasse:BDO-Informatieobjecten/VERA 4.3.0+260116.28,BDO
Bericht,Klasse:BRG-Contactmomenten/VERA 4.3.0+260116.28,BRG
Bericht,Klasse:WRV-Aanbiedingen/VERA 4.3.0+260116.28,WRV
Bericht,Klasse:WRV-Reclamaties/VERA 4.3.0+260116.28,WRV"
"Referentiedatasoort:CORRECTIESOORT","Klasse,Klasse:VERA-Facturen/VERA 4.3.0+260116.28,Financien,
Klasse,Klasse:VERA-Inkoopfacturen/VERA 4.3.0+260116.28,Financien,
Klasse,Klasse:VERA-Verkoopfacturen/VERA 4.3.0+260116.28,Financien,
Bericht,Klasse:OHD-Inkoopfacturen/VERA 4.3.0+260116.28,OHD"
"Referentiedatasoort:CREDITEURSOORT","Klasse,Klasse:VERA-Crediteuren/VERA 4.3.0+260116.28,Financien"
"Referentiedatasoort:CREDITEURSTATUS","Klasse,Klasse:VERA-Crediteuren/VERA 4.3.0+260116.28,Financien"
"Referentiedatasoort:DAGDEEL","Klasse,Klasse:VERA-Telefoonnummers/VERA 4.3.0+260116.28,Relaties"
"Referentiedatasoort:DATATYPE","Klasse,Klasse:VERA-Informatieobjectkenmerken/VERA 4.3.0+260116.28,Dossier,
Klasse,Klasse:VERA-Zaakkenmerken/VERA 4.3.0+260116.28,Dossier,
Bericht,Klasse:BDO-Zaken/VERA 4.3.0+260116.28,BDO"
"Referentiedatasoort:DEBITEURSOORT","Klasse,Klasse:VERA-Debiteuren/VERA 4.3.0+260116.28,Financien,
Bericht,Klasse:BFG-Boekingen/VERA 4.3.0+260116.28,BFG
Bericht,Klasse:BFG-Debiteuren/VERA 4.3.0+260116.28,BFG"
"Referentiedatasoort:DEBITEURSTATUS","Klasse,Klasse:VERA-Debiteuren/VERA 4.3.0+260116.28,Financien,
Bericht,Klasse:BFG-Boekingen/VERA 4.3.0+260116.28,BFG
Bericht,Klasse:BFG-Debiteuren/VERA 4.3.0+260116.28,BFG"
"Referentiedatasoort:DEFECTLOCATIE","Klasse,Klasse:VERA-Defecten/VERA 4.3.0+260116.28,Onderhoud,
Klasse,Klasse:VERA-BouwkundigElementen/VERA 4.3.0+260116.28,Vastgoed,
Bericht,Klasse:BVG-BouwkundigElementen/VERA 4.3.0+260116.28,BVG
Bericht,Klasse:BVG-Ruimten/VERA 4.3.0+260116.28,BVG
Bericht,Klasse:OHD-Afspraken/VERA 4.3.0+260116.28,OHD
Bericht,Klasse:OHD-BouwkundigElementen/VERA 4.3.0+260116.28,OHD
Bericht,Klasse:OHD-Inspectierapporten/VERA 4.3.0+260116.28,OHD
Bericht,Klasse:OHD-Onderhoudsorders/VERA 4.3.0+260116.28,OHD
Bericht,Klasse:OHD-Onderhoudsverzoeken/VERA 4.3.0+260116.28,OHD"
"Referentiedatasoort:DEFECTOORZAAK","Klasse,Klasse:VERA-Defecten/VERA 4.3.0+260116.28,Onderhoud,
Klasse,Klasse:VERA-Defecten/VERA 4.3.0+260116.28,Onderhoud,
Bericht,Klasse:OHD-Afspraken/VERA 4.3.0+260116.28,OHD
Bericht,Klasse:OHD-Afspraken/VERA 4.3.0+260116.28,OHD
Bericht,Klasse:OHD-Inspectierapporten/VERA 4.3.0+260116.28,OHD
Bericht,Klasse:OHD-Inspectierapporten/VERA 4.3.0+260116.28,OHD
Bericht,Klasse:OHD-Onderhoudsorders/VERA 4.3.0+260116.28,OHD
Bericht,Klasse:OHD-Onderhoudsorders/VERA 4.3.0+260116.28,OHD
Bericht,Klasse:OHD-Onderhoudsverzoeken/VERA 4.3.0+260116.28,OHD
Bericht,Klasse:OHD-Onderhoudsverzoeken/VERA 4.3.0+260116.28,OHD"
"Referentiedatasoort:DEFECTSOORT","Klasse,Klasse:VERA-Defecten/VERA 4.3.0+260116.28,Onderhoud,
Bericht,Klasse:OHD-Afspraken/VERA 4.3.0+260116.28,OHD
Bericht,Klasse:OHD-Inspectierapporten/VERA 4.3.0+260116.28,OHD
Bericht,Klasse:OHD-Onderhoudsorders/VERA 4.3.0+260116.28,OHD
Bericht,Klasse:OHD-Onderhoudsverzoeken/VERA 4.3.0+260116.28,OHD"
"Referentiedatasoort:DEFECTSTATUS","Klasse,Klasse:VERA-Defecten/VERA 4.3.0+260116.28,Onderhoud,
Bericht,Klasse:OHD-Afspraken/VERA 4.3.0+260116.28,OHD
Bericht,Klasse:OHD-Inspectierapporten/VERA 4.3.0+260116.28,OHD
Bericht,Klasse:OHD-Onderhoudsorders/VERA 4.3.0+260116.28,OHD
Bericht,Klasse:OHD-Onderhoudsverzoeken/VERA 4.3.0+260116.28,OHD"
"Referentiedatasoort:DOELGROEP","Klasse,Klasse:VERA-Eenheden/VERA 4.3.0+260116.28,Vastgoed,
Klasse,Klasse:VERA-Eenheidcriteria/VERA 4.3.0+260116.28,Vastgoed,
Klasse,Klasse:VERA-Toewijzingen/VERA 4.3.0+260116.28,Woonruimteverdeling,
Bericht,Klasse:BVG-Eenheden/VERA 4.3.0+260116.28,BVG
Bericht,Klasse:BVG-Eenheden/VERA 4.3.0+260116.28,BVG
Bericht,Klasse:VHE-Eenheden/VERA 4.3.0+260116.28,VHE
Bericht,Klasse:VHE-Eenheden/VERA 4.3.0+260116.28,VHE
Bericht,Klasse:WRV-Eenheden/VERA 4.3.0+260116.28,WRV
Bericht,Klasse:WRV-Eenheden/VERA 4.3.0+260116.28,WRV
Bericht,Klasse:WRV-Publicaties/VERA 4.3.0+260116.28,WRV
Bericht,Klasse:WRV-Publicaties/VERA 4.3.0+260116.28,WRV
Bericht,Klasse:WRV-Toewijzingen/VERA 4.3.0+260116.28,WRV"
"Referentiedatasoort:DOSSIERDETAILSOORT","Klasse,Klasse:VERA-Dossiers/VERA 4.3.0+260116.28,Dossier,
Bericht,Klasse:BDO-Dossiers/VERA 4.3.0+260116.28,BDO"
"Referentiedatasoort:DOSSIERDETAILSTATUS","Klasse,Klasse:VERA-Dossiers/VERA 4.3.0+260116.28,Dossier,
Bericht,Klasse:BDO-Dossiers/VERA 4.3.0+260116.28,BDO"
"Referentiedatasoort:DOSSIERSOORT","Klasse,Klasse:VERA-Dossiers/VERA 4.3.0+260116.28,Dossier,
Bericht,Klasse:BDO-Dossiers/VERA 4.3.0+260116.28,BDO"
"Referentiedatasoort:DOSSIERSTATUS","Klasse,Klasse:VERA-Dossiers/VERA 4.3.0+260116.28,Dossier,
Bericht,Klasse:BDO-Dossiers/VERA 4.3.0+260116.28,BDO"
"Referentiedatasoort:EENHEIDBUITENRUIMTE","Klasse,Klasse:VERA-Eenheden/VERA 4.3.0+260116.28,Vastgoed,
Bericht,Klasse:VHE-Eenheden/VERA 4.3.0+260116.28,VHE
Bericht,Klasse:WRV-Eenheden/VERA 4.3.0+260116.28,WRV
Bericht,Klasse:WRV-Publicaties/VERA 4.3.0+260116.28,WRV"
"Referentiedatasoort:EENHEIDCRITERIUMDETAILSOORT","Klasse,Klasse:VERA-Eenheidcriteria/VERA 4.3.0+260116.28,Vastgoed,
Bericht,Klasse:BVG-Eenheden/VERA 4.3.0+260116.28,BVG
Bericht,Klasse:VHE-Eenheden/VERA 4.3.0+260116.28,VHE
Bericht,Klasse:WRV-Eenheden/VERA 4.3.0+260116.28,WRV
Bericht,Klasse:WRV-Publicaties/VERA 4.3.0+260116.28,WRV"
"Referentiedatasoort:EENHEIDCRITERIUMSOORT","Klasse,Klasse:VERA-Eenheidcriteria/VERA 4.3.0+260116.28,Vastgoed,
Bericht,Klasse:BVG-Eenheden/VERA 4.3.0+260116.28,BVG
Bericht,Klasse:VHE-Eenheden/VERA 4.3.0+260116.28,VHE
Bericht,Klasse:WRV-Eenheden/VERA 4.3.0+260116.28,WRV
Bericht,Klasse:WRV-Publicaties/VERA 4.3.0+260116.28,WRV"
"Referentiedatasoort:EENHEIDCRITERIUMTOEPASSING","Klasse,Klasse:VERA-Eenheidcriteria/VERA 4.3.0+260116.28,Vastgoed,
Bericht,Klasse:BVG-Eenheden/VERA 4.3.0+260116.28,BVG
Bericht,Klasse:VHE-Eenheden/VERA 4.3.0+260116.28,VHE
Bericht,Klasse:WRV-Eenheden/VERA 4.3.0+260116.28,WRV
Bericht,Klasse:WRV-Publicaties/VERA 4.3.0+260116.28,WRV"
"Referentiedatasoort:EENHEIDDETAILSOORT","Klasse,Klasse:VERA-Eenheden/VERA 4.3.0+260116.28,Vastgoed,
Klasse,Klasse:VERA-Zoekprofielen/VERA 4.3.0+260116.28,Woonruimteverdeling,
Bericht,Klasse:BVG-Clusters/VERA 4.3.0+260116.28,BVG
Bericht,Klasse:BVG-Eenheden/VERA 4.3.0+260116.28,BVG
Bericht,Klasse:KMT-Kwaliteitsmetingsverzoeken/VERA 4.3.0+260116.28,KMT
Bericht,Klasse:OHD-CollectiefObjecten/VERA 4.3.0+260116.28,OHD
Bericht,Klasse:VHE-Clusters/VERA 4.3.0+260116.28,VHE
Bericht,Klasse:VHE-Eenheden/VERA 4.3.0+260116.28,VHE
Bericht,Klasse:WRV-Eenheden/VERA 4.3.0+260116.28,WRV
Bericht,Klasse:WRV-Kandidaten/VERA 4.3.0+260116.28,WRV
Bericht,Klasse:WRV-Publicaties/VERA 4.3.0+260116.28,WRV
Bericht,Klasse:WRV-Relaties/VERA 4.3.0+260116.28,WRV"
"Referentiedatasoort:EENHEIDDETAILSTATUS","Klasse,Klasse:VERA-Eenheden/VERA 4.3.0+260116.28,Vastgoed,
Klasse,Klasse:VERA-EenheidToestanden/VERA 4.3.0+260116.28,Vastgoed,
Bericht,Klasse:BVG-Eenheden/VERA 4.3.0+260116.28,BVG
Bericht,Klasse:KMT-Kwaliteitsmetingsverzoeken/VERA 4.3.0+260116.28,KMT
Bericht,Klasse:VHE-Eenheden/VERA 4.3.0+260116.28,VHE
Bericht,Klasse:WRV-Eenheden/VERA 4.3.0+260116.28,WRV
Bericht,Klasse:WRV-Publicaties/VERA 4.3.0+260116.28,WRV"
"Referentiedatasoort:EENHEIDENERGIEVOORZIENING","Klasse,Klasse:VERA-Eenheden/VERA 4.3.0+260116.28,Vastgoed,
Bericht,Klasse:BVG-Eenheden/VERA 4.3.0+260116.28,BVG
Bericht,Klasse:VHE-Eenheden/VERA 4.3.0+260116.28,VHE
Bericht,Klasse:WRV-Eenheden/VERA 4.3.0+260116.28,WRV
Bericht,Klasse:WRV-Publicaties/VERA 4.3.0+260116.28,WRV"
"Referentiedatasoort:EENHEIDINTERIEUR","Klasse,Klasse:VERA-Eenheden/VERA 4.3.0+260116.28,Vastgoed,
Bericht,Klasse:BVG-Eenheden/VERA 4.3.0+260116.28,BVG
Bericht,Klasse:VHE-Eenheden/VERA 4.3.0+260116.28,VHE
Bericht,Klasse:WRV-Eenheden/VERA 4.3.0+260116.28,WRV
Bericht,Klasse:WRV-Publicaties/VERA 4.3.0+260116.28,WRV"
"Referentiedatasoort:EENHEIDISOLATIE","Klasse,Klasse:VERA-Eenheden/VERA 4.3.0+260116.28,Vastgoed,
Bericht,Klasse:BVG-Eenheden/VERA 4.3.0+260116.28,BVG
Bericht,Klasse:VHE-Eenheden/VERA 4.3.0+260116.28,VHE
Bericht,Klasse:WRV-Eenheden/VERA 4.3.0+260116.28,WRV
Bericht,Klasse:WRV-Publicaties/VERA 4.3.0+260116.28,WRV"
"Referentiedatasoort:EENHEIDKLIMAATBEHEERSING","Klasse,Klasse:VERA-CollectiefObjecten/VERA 4.3.0+260116.28,Vastgoed,
Klasse,Klasse:VERA-Eenheden/VERA 4.3.0+260116.28,Vastgoed,
Klasse,Klasse:VERA-Ruimten/VERA 4.3.0+260116.28,Vastgoed,
Bericht,Klasse:BVG-Eenheden/VERA 4.3.0+260116.28,BVG
Bericht,Klasse:BVG-Eenheden/VERA 4.3.0+260116.28,BVG
Bericht,Klasse:BVG-Eenheden/VERA 4.3.0+260116.28,BVG
Bericht,Klasse:BVG-Ruimten/VERA 4.3.0+260116.28,BVG
Bericht,Klasse:OHD-CollectiefObjecten/VERA 4.3.0+260116.28,OHD
Bericht,Klasse:VHE-Eenheden/VERA 4.3.0+260116.28,VHE
Bericht,Klasse:VHE-Eenheden/VERA 4.3.0+260116.28,VHE
Bericht,Klasse:WRV-Eenheden/VERA 4.3.0+260116.28,WRV
Bericht,Klasse:WRV-Eenheden/VERA 4.3.0+260116.28,WRV
Bericht,Klasse:WRV-Eenheden/VERA 4.3.0+260116.28,WRV
Bericht,Klasse:WRV-Publicaties/VERA 4.3.0+260116.28,WRV
Bericht,Klasse:WRV-Publicaties/VERA 4.3.0+260116.28,WRV
Bericht,Klasse:WRV-Publicaties/VERA 4.3.0+260116.28,WRV"
"Referentiedatasoort:EENHEIDKLIMAATBEHEERSINGSOORT","Klasse,Klasse:VERA-CollectiefObjecten/VERA 4.3.0+260116.28,Vastgoed,
Klasse,Klasse:VERA-Eenheden/VERA 4.3.0+260116.28,Vastgoed,
Klasse,Klasse:VERA-Ruimten/VERA 4.3.0+260116.28,Vastgoed,
Bericht,Klasse:BVG-Eenheden/VERA 4.3.0+260116.28,BVG
Bericht,Klasse:BVG-Eenheden/VERA 4.3.0+260116.28,BVG
Bericht,Klasse:BVG-Eenheden/VERA 4.3.0+260116.28,BVG
Bericht,Klasse:BVG-Ruimten/VERA 4.3.0+260116.28,BVG
Bericht,Klasse:OHD-CollectiefObjecten/VERA 4.3.0+260116.28,OHD
Bericht,Klasse:VHE-Eenheden/VERA 4.3.0+260116.28,VHE
Bericht,Klasse:VHE-Eenheden/VERA 4.3.0+260116.28,VHE
Bericht,Klasse:WRV-Eenheden/VERA 4.3.0+260116.28,WRV
Bericht,Klasse:WRV-Eenheden/VERA 4.3.0+260116.28,WRV
Bericht,Klasse:WRV-Eenheden/VERA 4.3.0+260116.28,WRV
Bericht,Klasse:WRV-Publicaties/VERA 4.3.0+260116.28,WRV
Bericht,Klasse:WRV-Publicaties/VERA 4.3.0+260116.28,WRV
Bericht,Klasse:WRV-Publicaties/VERA 4.3.0+260116.28,WRV"
"Referentiedatasoort:EENHEIDLIGGING","Klasse,Klasse:VERA-Eenheden/VERA 4.3.0+260116.28,Vastgoed,
Bericht,Klasse:BVG-Eenheden/VERA 4.3.0+260116.28,BVG
Bericht,Klasse:VHE-Eenheden/VERA 4.3.0+260116.28,VHE
Bericht,Klasse:WRV-Eenheden/VERA 4.3.0+260116.28,WRV
Bericht,Klasse:WRV-Publicaties/VERA 4.3.0+260116.28,WRV"
"Referentiedatasoort:EENHEIDLIGGINGBUITENRUIMTE","Klasse,Klasse:VERA-Eenheden/VERA 4.3.0+260116.28,Vastgoed,
Bericht,Klasse:VHE-Eenheden/VERA 4.3.0+260116.28,VHE
Bericht,Klasse:WRV-Eenheden/VERA 4.3.0+260116.28,WRV
Bericht,Klasse:WRV-Publicaties/VERA 4.3.0+260116.28,WRV"
"Referentiedatasoort:EENHEIDLIGGINGTUIN","Klasse,Klasse:VERA-Eenheden/VERA 4.3.0+260116.28,Vastgoed,
Bericht,Klasse:VHE-Eenheden/VERA 4.3.0+260116.28,VHE
Bericht,Klasse:WRV-Eenheden/VERA 4.3.0+260116.28,WRV
Bericht,Klasse:WRV-Publicaties/VERA 4.3.0+260116.28,WRV"
"Referentiedatasoort:EENHEIDMONUMENT","Klasse,Klasse:VERA-Eenheden/VERA 4.3.0+260116.28,Vastgoed,
Bericht,Klasse:BVG-Eenheden/VERA 4.3.0+260116.28,BVG
Bericht,Klasse:VHE-Eenheden/VERA 4.3.0+260116.28,VHE
Bericht,Klasse:WRV-Eenheden/VERA 4.3.0+260116.28,WRV
Bericht,Klasse:WRV-Publicaties/VERA 4.3.0+260116.28,WRV"
"Referentiedatasoort:EENHEIDPRIJSCONDITIE","Klasse,Klasse:VERA-Eenheden/VERA 4.3.0+260116.28,Vastgoed,
Bericht,Klasse:WRV-Eenheden/VERA 4.3.0+260116.28,WRV
Bericht,Klasse:WRV-Publicaties/VERA 4.3.0+260116.28,WRV"
"Referentiedatasoort:EENHEIDSANITAIR","Klasse,Klasse:VERA-Eenheden/VERA 4.3.0+260116.28,Vastgoed,
Bericht,Klasse:BVG-Eenheden/VERA 4.3.0+260116.28,BVG
Bericht,Klasse:VHE-Eenheden/VERA 4.3.0+260116.28,VHE
Bericht,Klasse:WRV-Eenheden/VERA 4.3.0+260116.28,WRV
Bericht,Klasse:WRV-Publicaties/VERA 4.3.0+260116.28,WRV"
"Referentiedatasoort:EENHEIDSOORT","Klasse,Klasse:VERA-Eenheden/VERA 4.3.0+260116.28,Vastgoed,
Klasse,Klasse:VERA-Zoekprofielen/VERA 4.3.0+260116.28,Woonruimteverdeling,
Bericht,Klasse:BVG-Clusters/VERA 4.3.0+260116.28,BVG
Bericht,Klasse:BVG-Eenheden/VERA 4.3.0+260116.28,BVG
Bericht,Klasse:KMT-Kwaliteitsmetingsverzoeken/VERA 4.3.0+260116.28,KMT
Bericht,Klasse:OHD-CollectiefObjecten/VERA 4.3.0+260116.28,OHD
Bericht,Klasse:VHE-Clusters/VERA 4.3.0+260116.28,VHE
Bericht,Klasse:VHE-Eenheden/VERA 4.3.0+260116.28,VHE
Bericht,Klasse:WRV-Eenheden/VERA 4.3.0+260116.28,WRV
Bericht,Klasse:WRV-Kandidaten/VERA 4.3.0+260116.28,WRV
Bericht,Klasse:WRV-Publicaties/VERA 4.3.0+260116.28,WRV
Bericht,Klasse:WRV-Relaties/VERA 4.3.0+260116.28,WRV
Bericht,Klasse:WRV-Toewijzingen/VERA 4.3.0+260116.28,WRV"
"Referentiedatasoort:EENHEIDSTATUS","Klasse,Klasse:VERA-Eenheden/VERA 4.3.0+260116.28,Vastgoed,
Klasse,Klasse:VERA-EenheidToestanden/VERA 4.3.0+260116.28,Vastgoed,
Bericht,Klasse:BVG-Eenheden/VERA 4.3.0+260116.28,BVG
Bericht,Klasse:KMT-Kwaliteitsmetingsverzoeken/VERA 4.3.0+260116.28,KMT
Bericht,Klasse:VHE-Eenheden/VERA 4.3.0+260116.28,VHE
Bericht,Klasse:WRV-Eenheden/VERA 4.3.0+260116.28,WRV
Bericht,Klasse:WRV-Publicaties/VERA 4.3.0+260116.28,WRV"
"Referentiedatasoort:EINDEDETAILREDEN","Klasse,Klasse:VERA-Arbeidsovereenkomsten/VERA 4.3.0+260116.28,Overeenkomsten,
Klasse,Klasse:VERA-Huuropzeggingen/VERA 4.3.0+260116.28,Overeenkomsten,
Klasse,Klasse:VERA-Huurovereenkomsten/VERA 4.3.0+260116.28,Overeenkomsten,
Klasse,Klasse:VERA-Inschrijvingen/VERA 4.3.0+260116.28,Overeenkomsten,
Klasse,Klasse:VERA-Koopovereenkomsten/VERA 4.3.0+260116.28,Overeenkomsten,
Klasse,Klasse:VERA-Monitoringovereenkomsten/VERA 4.3.0+260116.28,Overeenkomsten,
Klasse,Klasse:VERA-Onderhoudsovereenkomsten/VERA 4.3.0+260116.28,Overeenkomsten,
Klasse,Klasse:VERA-Overeenkomsten/VERA 4.3.0+260116.28,Overeenkomsten,
Klasse,Klasse:VERA-Serviceovereenkomsten/VERA 4.3.0+260116.28,Overeenkomsten,
Bericht,Klasse:BOG-Overeenkomsten/VERA 4.3.0+260116.28,BOG
Bericht,Klasse:VHE-Huuropzeggingen/VERA 4.3.0+260116.28,VHE
Bericht,Klasse:WRV-Overeenkomsten/VERA 4.3.0+260116.28,WRV"
"Referentiedatasoort:EINDEREDEN","Klasse,Klasse:VERA-Arbeidsovereenkomsten/VERA 4.3.0+260116.28,Overeenkomsten,
Klasse,Klasse:VERA-Huuropzeggingen/VERA 4.3.0+260116.28,Overeenkomsten,
Klasse,Klasse:VERA-Huurovereenkomsten/VERA 4.3.0+260116.28,Overeenkomsten,
Klasse,Klasse:VERA-Inschrijvingen/VERA 4.3.0+260116.28,Overeenkomsten,
Klasse,Klasse:VERA-Koopovereenkomsten/VERA 4.3.0+260116.28,Overeenkomsten,
Klasse,Klasse:VERA-Monitoringovereenkomsten/VERA 4.3.0+260116.28,Overeenkomsten,
Klasse,Klasse:VERA-Onderhoudsovereenkomsten/VERA 4.3.0+260116.28,Overeenkomsten,
Klasse,Klasse:VERA-Overeenkomsten/VERA 4.3.0+260116.28,Overeenkomsten,
Klasse,Klasse:VERA-Serviceovereenkomsten/VERA 4.3.0+260116.28,Overeenkomsten,
Bericht,Klasse:BOG-Overeenkomsten/VERA 4.3.0+260116.28,BOG
Bericht,Klasse:VHE-Huuropzeggingen/VERA 4.3.0+260116.28,VHE
Bericht,Klasse:WRV-Overeenkomsten/VERA 4.3.0+260116.28,WRV"
"Referentiedatasoort:ENERGIELABEL","Klasse,Klasse:VERA-Energieprestaties/VERA 4.3.0+260116.28,Energie,
Bericht,Klasse:BEP-Energieprestaties/VERA 4.3.0+260116.28,BEP
Bericht,Klasse:BVG-Eenheden/VERA 4.3.0+260116.28,BVG
Bericht,Klasse:VHE-Eenheden/VERA 4.3.0+260116.28,VHE
Bericht,Klasse:WRV-Eenheden/VERA 4.3.0+260116.28,WRV
Bericht,Klasse:WRV-Publicaties/VERA 4.3.0+260116.28,WRV"
"Referentiedatasoort:ENERGIEPRESTATIESOORT","Klasse,Klasse:VERA-Energieprestaties/VERA 4.3.0+260116.28,Energie,
Bericht,Klasse:BEP-Energieprestaties/VERA 4.3.0+260116.28,BEP
Bericht,Klasse:BVG-Eenheden/VERA 4.3.0+260116.28,BVG
Bericht,Klasse:VHE-Eenheden/VERA 4.3.0+260116.28,VHE
Bericht,Klasse:WRV-Eenheden/VERA 4.3.0+260116.28,WRV
Bericht,Klasse:WRV-Publicaties/VERA 4.3.0+260116.28,WRV"
"Referentiedatasoort:ENERGIEPRESTATIESTATUS","Klasse,Klasse:VERA-Energieprestaties/VERA 4.3.0+260116.28,Energie,
Bericht,Klasse:BEP-Energieprestaties/VERA 4.3.0+260116.28,BEP
Bericht,Klasse:BVG-Eenheden/VERA 4.3.0+260116.28,BVG
Bericht,Klasse:VHE-Eenheden/VERA 4.3.0+260116.28,VHE
Bericht,Klasse:WRV-Eenheden/VERA 4.3.0+260116.28,WRV
Bericht,Klasse:WRV-Publicaties/VERA 4.3.0+260116.28,WRV"
"Referentiedatasoort:ENERGIEPRESTATIEVERGOEDINGSOORT","Klasse,Klasse:VERA-Energieprestatievergoedingen/VERA 4.3.0+260116.28,Energie"
"Referentiedatasoort:EXTERNEINCASSOACTIESOORT","Klasse,Klasse:VERA-ExterneIncassoActies/VERA 4.3.0+260116.28,Financien,
Bericht,Klasse:INC-ExterneIncassos/VERA 4.3.0+260116.28,INC"
"Referentiedatasoort:EXTERNEINCASSOACTIESTATUS","Klasse,Klasse:VERA-ExterneIncassoActies/VERA 4.3.0+260116.28,Financien,
Bericht,Klasse:INC-ExterneIncassos/VERA 4.3.0+260116.28,INC"
"Referentiedatasoort:EXTERNEINCASSOSOORT","Klasse,Klasse:VERA-ExterneIncassos/VERA 4.3.0+260116.28,Financien,
Bericht,Klasse:INC-ExterneIncassos/VERA 4.3.0+260116.28,INC"
"Referentiedatasoort:EXTERNEINCASSOSTATUS","Klasse,Klasse:VERA-ExterneIncassos/VERA 4.3.0+260116.28,Financien,
Bericht,Klasse:INC-ExterneIncassos/VERA 4.3.0+260116.28,INC"
"Referentiedatasoort:FACTUURBETAALWIJZE","Klasse,Klasse:VERA-Facturen/VERA 4.3.0+260116.28,Financien,
Klasse,Klasse:VERA-Inkoopfacturen/VERA 4.3.0+260116.28,Financien,
Klasse,Klasse:VERA-Verkoopfacturen/VERA 4.3.0+260116.28,Financien"
"Referentiedatasoort:FACTUURSOORT","Klasse,Klasse:VERA-Facturen/VERA 4.3.0+260116.28,Financien,
Klasse,Klasse:VERA-Inkoopfacturen/VERA 4.3.0+260116.28,Financien,
Klasse,Klasse:VERA-Verkoopfacturen/VERA 4.3.0+260116.28,Financien,
Bericht,Klasse:OHD-Inkoopfacturen/VERA 4.3.0+260116.28,OHD"
"Referentiedatasoort:FACTUURSTATUS","Klasse,Klasse:VERA-Factuurbetalingen/VERA 4.3.0+260116.28,Financien"
"Referentiedatasoort:GEBEURTENISSOORT","Klasse,Klasse:VERA-Gebeurtenissen/VERA 4.3.0+260116.28,Woonruimteverdeling,
Klasse,Klasse:VERA-Puntengebeurtenissen/VERA 4.3.0+260116.28,Woonruimteverdeling,
Bericht,Klasse:WRV-Gebeurtenissen/VERA 4.3.0+260116.28,WRV
Bericht,Klasse:WRV-Puntenberekeningen/VERA 4.3.0+260116.28,WRV
Bericht,Klasse:WRV-Puntenberekeningen/VERA 4.3.0+260116.28,WRV
Bericht,Klasse:WRV-Puntengebeurtenissen/VERA 4.3.0+260116.28,WRV
Bericht,Klasse:WRV-Reclamaties/VERA 4.3.0+260116.28,WRV
Bericht,Klasse:WRV-Sancties/VERA 4.3.0+260116.28,WRV
Bericht,Klasse:WRV-Sancties/VERA 4.3.0+260116.28,WRV"
"Referentiedatasoort:GEBRUIKERSDOEL","Klasse,Klasse:VERA-AdresseerbareObjectenBasisregistratie/VERA 4.3.0+260116.28,Vastgoed,
Bericht,Klasse:BVG-Eenheden/VERA 4.3.0+260116.28,BVG"
"Referentiedatasoort:GEOMETRIESOORT","Klasse,Klasse:VERA-Geometrieen/VERA 4.3.0+260116.28,Vastgoed,
Klasse,Klasse:VERA-Punten/VERA 4.3.0+260116.28,Vastgoed,
Bericht,Klasse:BVG-Clusters/VERA 4.3.0+260116.28,BVG
Bericht,Klasse:BVG-Eenheden/VERA 4.3.0+260116.28,BVG
Bericht,Klasse:OHD-AfspraakOpties/VERA 4.3.0+260116.28,OHD
Bericht,Klasse:OHD-Afspraken/VERA 4.3.0+260116.28,OHD
Bericht,Klasse:VHE-Clusters/VERA 4.3.0+260116.28,VHE
Bericht,Klasse:WRV-Eenheden/VERA 4.3.0+260116.28,WRV
Bericht,Klasse:WRV-Publicaties/VERA 4.3.0+260116.28,WRV"
"Referentiedatasoort:GESLACHT","Klasse,Klasse:VERA-NatuurlijkPersonen/VERA 4.3.0+260116.28,Relaties"
"Referentiedatasoort:GROOTBOEKMUTATIEHERKOMST","Klasse,Klasse:VERA-Grootboekmutaties/VERA 4.3.0+260116.28,Financien"
"Referentiedatasoort:GROOTBOEKREKENINGSOORT","Klasse,Klasse:VERA-Grootboekrekeningen/VERA 4.3.0+260116.28,Financien"
"Referentiedatasoort:GROOTBOEKREKENINGSTATUS","Klasse,Klasse:VERA-Grootboekrekeningen/VERA 4.3.0+260116.28,Financien"
"Referentiedatasoort:HUURGESCHILREDEN","Klasse,Klasse:VERA-Huurgeschillen/VERA 4.3.0+260116.28,Overeenkomsten"
"Referentiedatasoort:HUURGESCHILSOORT","Klasse,Klasse:VERA-Huurgeschillen/VERA 4.3.0+260116.28,Overeenkomsten"
"Referentiedatasoort:HUURGESCHILSTATUS","Klasse,Klasse:VERA-Huurgeschillen/VERA 4.3.0+260116.28,Overeenkomsten"
"Referentiedatasoort:HUURGESCHILUITSPRAAKSOORT","Klasse,Klasse:VERA-HuurgeschilUitspraken/VERA 4.3.0+260116.28,Overeenkomsten"
"Referentiedatasoort:HUUROPZEGGINGHUURDERSAFSPRAAK","Klasse,Klasse:VERA-Huuropzeggingen/VERA 4.3.0+260116.28,Overeenkomsten,
Bericht,Klasse:VHE-Huuropzeggingen/VERA 4.3.0+260116.28,VHE"
"Referentiedatasoort:HUUROPZEGGINGSTATUS","Klasse,Klasse:VERA-Huuropzeggingen/VERA 4.3.0+260116.28,Overeenkomsten,
Bericht,Klasse:VHE-Huuropzeggingen/VERA 4.3.0+260116.28,VHE"
"Referentiedatasoort:INCASSOMOMENT","Klasse,Klasse:VERA-Betaalwijzen/VERA 4.3.0+260116.28,Financien,
Klasse,Klasse:VERA-Arbeidsovereenkomsten/VERA 4.3.0+260116.28,Overeenkomsten,
Klasse,Klasse:VERA-Huurovereenkomsten/VERA 4.3.0+260116.28,Overeenkomsten,
Klasse,Klasse:VERA-Inschrijvingen/VERA 4.3.0+260116.28,Overeenkomsten,
Klasse,Klasse:VERA-Koopovereenkomsten/VERA 4.3.0+260116.28,Overeenkomsten,
Klasse,Klasse:VERA-Monitoringovereenkomsten/VERA 4.3.0+260116.28,Overeenkomsten,
Klasse,Klasse:VERA-Onderhoudsovereenkomsten/VERA 4.3.0+260116.28,Overeenkomsten,
Klasse,Klasse:VERA-Overeenkomsten/VERA 4.3.0+260116.28,Overeenkomsten,
Klasse,Klasse:VERA-Serviceovereenkomsten/VERA 4.3.0+260116.28,Overeenkomsten,
Bericht,Klasse:BOG-Betaalwijzen/VERA 4.3.0+260116.28,BOG
Bericht,Klasse:BOG-Overeenkomsten/VERA 4.3.0+260116.28,BOG
Bericht,Klasse:INC-Betalingsregelingen/VERA 4.3.0+260116.28,INC"
"Referentiedatasoort:INCASSOWIJZE","Klasse,Klasse:VERA-Betalingsregelingen/VERA 4.3.0+260116.28,Financien,
Klasse,Klasse:VERA-Arbeidsovereenkomsten/VERA 4.3.0+260116.28,Overeenkomsten,
Klasse,Klasse:VERA-Huurovereenkomsten/VERA 4.3.0+260116.28,Overeenkomsten,
Klasse,Klasse:VERA-Huurovereenkomsten/VERA 4.3.0+260116.28,Overeenkomsten,
Klasse,Klasse:VERA-Inschrijvingen/VERA 4.3.0+260116.28,Overeenkomsten,
Klasse,Klasse:VERA-Koopovereenkomsten/VERA 4.3.0+260116.28,Overeenkomsten,
Klasse,Klasse:VERA-Monitoringovereenkomsten/VERA 4.3.0+260116.28,Overeenkomsten,
Klasse,Klasse:VERA-Onderhoudsovereenkomsten/VERA 4.3.0+260116.28,Overeenkomsten,
Klasse,Klasse:VERA-Overeenkomsten/VERA 4.3.0+260116.28,Overeenkomsten,
Klasse,Klasse:VERA-Serviceovereenkomsten/VERA 4.3.0+260116.28,Overeenkomsten,
Klasse,Klasse:VERA-Betaalgegevens/VERA 4.3.0+260116.28,Relaties,
Bericht,Klasse:BFG-Boekingen/VERA 4.3.0+260116.28,BFG
Bericht,Klasse:BOG-Betaalwijzen/VERA 4.3.0+260116.28,BOG
Bericht,Klasse:BOG-Overeenkomsten/VERA 4.3.0+260116.28,BOG
Bericht,Klasse:BRG-Betaalgegevens/VERA 4.3.0+260116.28,BRG
Bericht,Klasse:INC-Betalingsregelingen/VERA 4.3.0+260116.28,INC
Bericht,Klasse:INC-Betalingsregelingen/VERA 4.3.0+260116.28,INC
Bericht,Klasse:OHD-Inkoopfacturen/VERA 4.3.0+260116.28,OHD"
"Referentiedatasoort:INEXPLOITATIEREDEN","Klasse,Klasse:VERA-Eenheden/VERA 4.3.0+260116.28,Vastgoed,
Bericht,Klasse:BVG-Eenheden/VERA 4.3.0+260116.28,BVG
Bericht,Klasse:VHE-Eenheden/VERA 4.3.0+260116.28,VHE
Bericht,Klasse:WRV-Eenheden/VERA 4.3.0+260116.28,WRV
Bericht,Klasse:WRV-Publicaties/VERA 4.3.0+260116.28,WRV"
"Referentiedatasoort:INFORMATIEOBJECTDETAILSOORT","Klasse,Klasse:VERA-Informatieobjecten/VERA 4.3.0+260116.28,Dossier,
Bericht,Klasse:BDO-Informatieobjecten/VERA 4.3.0+260116.28,BDO
Bericht,Klasse:Shared-Shared/VERA 4.3.0+260116.28,Shared"
"Referentiedatasoort:INFORMATIEOBJECTDETAILSTATUS","Klasse,Klasse:VERA-Informatieobjecten/VERA 4.3.0+260116.28,Dossier,
Bericht,Klasse:BDO-Informatieobjecten/VERA 4.3.0+260116.28,BDO
Bericht,Klasse:Shared-Shared/VERA 4.3.0+260116.28,Shared"
"Referentiedatasoort:INFORMATIEOBJECTFORMAAT","Klasse,Klasse:VERA-Informatieobjecten/VERA 4.3.0+260116.28,Dossier,
Bericht,Klasse:BDO-Informatieobjecten/VERA 4.3.0+260116.28,BDO
Bericht,Klasse:Shared-Shared/VERA 4.3.0+260116.28,Shared"
"Referentiedatasoort:INFORMATIEOBJECTGROEP","Klasse,Klasse:VERA-Informatieobjectkenmerken/VERA 4.3.0+260116.28,Dossier"
"Referentiedatasoort:INFORMATIEOBJECTONDERWERP","Klasse,Klasse:VERA-Informatieobjecten/VERA 4.3.0+260116.28,Dossier,
Bericht,Klasse:BDO-Informatieobjecten/VERA 4.3.0+260116.28,BDO
Bericht,Klasse:Shared-Shared/VERA 4.3.0+260116.28,Shared"
"Referentiedatasoort:INFORMATIEOBJECTSOORT","Klasse,Klasse:VERA-Informatieobjecten/VERA 4.3.0+260116.28,Dossier,
Bericht,Klasse:BDO-Informatieobjecten/VERA 4.3.0+260116.28,BDO
Bericht,Klasse:Shared-Shared/VERA 4.3.0+260116.28,Shared"
"Referentiedatasoort:INFORMATIEOBJECTSTATUS","Klasse,Klasse:VERA-Informatieobjecten/VERA 4.3.0+260116.28,Dossier,
Bericht,Klasse:BDO-Informatieobjecten/VERA 4.3.0+260116.28,BDO
Bericht,Klasse:Shared-Shared/VERA 4.3.0+260116.28,Shared"
"Referentiedatasoort:INFORMATIEOBJECTSUBONDERWERP","Klasse,Klasse:VERA-Informatieobjecten/VERA 4.3.0+260116.28,Dossier,
Bericht,Klasse:BDO-Informatieobjecten/VERA 4.3.0+260116.28,BDO
Bericht,Klasse:Shared-Shared/VERA 4.3.0+260116.28,Shared"
"Referentiedatasoort:INKOMENSBRON","Klasse,Klasse:VERA-Inkomens/VERA 4.3.0+260116.28,Relaties,
Bericht,Klasse:WRV-Kandidaten/VERA 4.3.0+260116.28,WRV
Bericht,Klasse:WRV-Relaties/VERA 4.3.0+260116.28,WRV
Bericht,Klasse:WRV-Toewijzingen/VERA 4.3.0+260116.28,WRV"
"Referentiedatasoort:INKOMENSSOORT","Klasse,Klasse:VERA-Inkomens/VERA 4.3.0+260116.28,Relaties,
Bericht,Klasse:WRV-Kandidaten/VERA 4.3.0+260116.28,WRV
Bericht,Klasse:WRV-Relaties/VERA 4.3.0+260116.28,WRV
Bericht,Klasse:WRV-Toewijzingen/VERA 4.3.0+260116.28,WRV"
"Referentiedatasoort:INKOMENSVERKLARINGSOORT","Klasse,Klasse:VERA-Inkomens/VERA 4.3.0+260116.28,Relaties,
Bericht,Klasse:WRV-Relaties/VERA 4.3.0+260116.28,WRV"
"Referentiedatasoort:INKOOPFACTUURSTATUS","Klasse,Klasse:VERA-Facturen/VERA 4.3.0+260116.28,Financien,
Klasse,Klasse:VERA-Inkoopfacturen/VERA 4.3.0+260116.28,Financien,
Klasse,Klasse:VERA-Verkoopfacturen/VERA 4.3.0+260116.28,Financien,
Bericht,Klasse:OHD-Inkoopfacturen/VERA 4.3.0+260116.28,OHD"
"Referentiedatasoort:INKOOPOPDRACHTREGELSOORT","Klasse,Klasse:VERA-InkoopopdrachtRegels/VERA 4.3.0+260116.28,Financien"
"Referentiedatasoort:INKOOPOPDRACHTSTATUS","Klasse,Klasse:VERA-Inkoopopdrachten/VERA 4.3.0+260116.28,Financien"
"Referentiedatasoort:INSCHRIJVINGHERKOMST","Klasse,Klasse:VERA-Inschrijvingen/VERA 4.3.0+260116.28,Overeenkomsten"
"Referentiedatasoort:INSPECTIERAPPORTSOORT","Klasse,Klasse:VERA-Inspectierapporten/VERA 4.3.0+260116.28,Onderhoud,
Bericht,Klasse:OHD-Inspectierapporten/VERA 4.3.0+260116.28,OHD"
"Referentiedatasoort:INSPECTIERAPPORTSTATUS","Klasse,Klasse:VERA-Inspectierapporten/VERA 4.3.0+260116.28,Onderhoud,
Bericht,Klasse:OHD-Inspectierapporten/VERA 4.3.0+260116.28,OHD"
"Referentiedatasoort:INSPECTIESOORT","Klasse,Klasse:VERA-Inspecties/VERA 4.3.0+260116.28,Overeenkomsten"
"Referentiedatasoort:INSPECTIESTATUS","Klasse,Klasse:VERA-Inspecties/VERA 4.3.0+260116.28,Overeenkomsten"
"Referentiedatasoort:INSTALLATIESOORT","Klasse,Klasse:VERA-CollectiefObjecten/VERA 4.3.0+260116.28,Vastgoed,
Klasse,Klasse:VERA-Ruimten/VERA 4.3.0+260116.28,Vastgoed,
Bericht,Klasse:BVG-Eenheden/VERA 4.3.0+260116.28,BVG
Bericht,Klasse:BVG-Eenheden/VERA 4.3.0+260116.28,BVG
Bericht,Klasse:BVG-Ruimten/VERA 4.3.0+260116.28,BVG
Bericht,Klasse:OHD-CollectiefObjecten/VERA 4.3.0+260116.28,OHD
Bericht,Klasse:VHE-Eenheden/VERA 4.3.0+260116.28,VHE
Bericht,Klasse:WRV-Eenheden/VERA 4.3.0+260116.28,WRV
Bericht,Klasse:WRV-Publicaties/VERA 4.3.0+260116.28,WRV"
"Referentiedatasoort:KANDIDAATDETAILSTATUS","Klasse,Klasse:VERA-Kandidaten/VERA 4.3.0+260116.28,Woonruimteverdeling,
Bericht,Klasse:WRV-Kandidaten/VERA 4.3.0+260116.28,WRV
Bericht,Klasse:WRV-Toewijzingen/VERA 4.3.0+260116.28,WRV"
"Referentiedatasoort:KANDIDAATSTATUS","Klasse,Klasse:VERA-Kandidaten/VERA 4.3.0+260116.28,Woonruimteverdeling,
Bericht,Klasse:WRV-Kandidaten/VERA 4.3.0+260116.28,WRV
Bericht,Klasse:WRV-Toewijzingen/VERA 4.3.0+260116.28,WRV"
"Referentiedatasoort:KWALITEITMETINGSTATUS","Klasse,Klasse:VERA-Kwaliteitsmetingsverzoeken/VERA 4.3.0+260116.28,Kwaliteit,
Bericht,Klasse:KMT-Kwaliteitsmetingsverzoeken/VERA 4.3.0+260116.28,KMT"
"Referentiedatasoort:KWALITEITSMETINGVERZOEKSOORT","Klasse,Klasse:VERA-Kwaliteitsmetingsverzoeken/VERA 4.3.0+260116.28,Kwaliteit,
Bericht,Klasse:KMT-Kwaliteitsmetingsverzoeken/VERA 4.3.0+260116.28,KMT"
"Referentiedatasoort:KWALITEITSNIVEAU","Klasse,Klasse:VERA-Eenheden/VERA 4.3.0+260116.28,Vastgoed,
Bericht,Klasse:BVG-Eenheden/VERA 4.3.0+260116.28,BVG
Bericht,Klasse:VHE-Eenheden/VERA 4.3.0+260116.28,VHE
Bericht,Klasse:WRV-Eenheden/VERA 4.3.0+260116.28,WRV
Bericht,Klasse:WRV-Publicaties/VERA 4.3.0+260116.28,WRV"
"Referentiedatasoort:LAND","Klasse,Klasse:VERA-Adressen/VERA 4.3.0+260116.28,Vastgoed,
Klasse,Klasse:VERA-BuitenlandsAdressen/VERA 4.3.0+260116.28,Vastgoed,
Klasse,Klasse:VERA-Eenheidadressen/VERA 4.3.0+260116.28,Vastgoed,
Klasse,Klasse:VERA-Postadressen/VERA 4.3.0+260116.28,Vastgoed,
Bericht,Klasse:BRG-Relaties/VERA 4.3.0+260116.28,BRG
Bericht,Klasse:BVG-Eenheden/VERA 4.3.0+260116.28,BVG
Bericht,Klasse:KMT-Kwaliteitsmetingsverzoeken/VERA 4.3.0+260116.28,KMT
Bericht,Klasse:KMT-Onderzoeksopdrachten/VERA 4.3.0+260116.28,KMT
Bericht,Klasse:OHD-AfspraakOpties/VERA 4.3.0+260116.28,OHD
Bericht,Klasse:OHD-Afspraken/VERA 4.3.0+260116.28,OHD
Bericht,Klasse:OHD-CollectiefObjecten/VERA 4.3.0+260116.28,OHD
Bericht,Klasse:OHD-Onderhoudsorders/VERA 4.3.0+260116.28,OHD
Bericht,Klasse:VHE-Eenheden/VERA 4.3.0+260116.28,VHE
Bericht,Klasse:VHE-Huuropzeggingen/VERA 4.3.0+260116.28,VHE
Bericht,Klasse:WRV-Eenheden/VERA 4.3.0+260116.28,WRV
Bericht,Klasse:WRV-Gebeurtenissen/VERA 4.3.0+260116.28,WRV
Bericht,Klasse:WRV-Kandidaten/VERA 4.3.0+260116.28,WRV
Bericht,Klasse:WRV-Publicaties/VERA 4.3.0+260116.28,WRV
Bericht,Klasse:WRV-Puntenberekeningen/VERA 4.3.0+260116.28,WRV
Bericht,Klasse:WRV-Puntengebeurtenissen/VERA 4.3.0+260116.28,WRV
Bericht,Klasse:WRV-Relaties/VERA 4.3.0+260116.28,WRV
Bericht,Klasse:WRV-Sancties/VERA 4.3.0+260116.28,WRV"
"Referentiedatasoort:LENINGAFLOSVORM","Klasse,Klasse:VERA-Leningen/VERA 4.3.0+260116.28,Financien"
"Referentiedatasoort:LENINGDETAILSOORT","Klasse,Klasse:VERA-Leningen/VERA 4.3.0+260116.28,Financien"
"Referentiedatasoort:LENINGSOORT","Klasse,Klasse:VERA-Leningen/VERA 4.3.0+260116.28,Financien"
"Referentiedatasoort:MAATSCHAPPELIJKLABEL","Klasse,Klasse:VERA-FinancieelBedrijven/VERA 4.3.0+260116.28,Financien,
Klasse,Klasse:VERA-Huurovereenkomsten/VERA 4.3.0+260116.28,Overeenkomsten,
Klasse,Klasse:VERA-Projectdoelstellingen/VERA 4.3.0+260116.28,Projectontwikkeling,
Klasse,Klasse:VERA-Eenheden/VERA 4.3.0+260116.28,Vastgoed,
Bericht,Klasse:BVG-Eenheden/VERA 4.3.0+260116.28,BVG
Bericht,Klasse:VHE-Eenheden/VERA 4.3.0+260116.28,VHE
Bericht,Klasse:WRV-Eenheden/VERA 4.3.0+260116.28,WRV
Bericht,Klasse:WRV-Publicaties/VERA 4.3.0+260116.28,WRV"
"Referentiedatasoort:MACHTIGINGSOORT","Klasse,Klasse:VERA-Incassomachtigingen/VERA 4.3.0+260116.28,Financien,
Bericht,Klasse:BFG-Debiteuren/VERA 4.3.0+260116.28,BFG
Bericht,Klasse:BOG-Betaalwijzen/VERA 4.3.0+260116.28,BOG
Bericht,Klasse:BOG-Overeenkomsten/VERA 4.3.0+260116.28,BOG
Bericht,Klasse:BRG-Betaalgegevens/VERA 4.3.0+260116.28,BRG
Bericht,Klasse:INC-Betalingsregelingen/VERA 4.3.0+260116.28,INC"
"Referentiedatasoort:MACHTIGINGSTATUS","Klasse,Klasse:VERA-Incassomachtigingen/VERA 4.3.0+260116.28,Financien,
Bericht,Klasse:BFG-Debiteuren/VERA 4.3.0+260116.28,BFG
Bericht,Klasse:BOG-Betaalwijzen/VERA 4.3.0+260116.28,BOG
Bericht,Klasse:BOG-Overeenkomsten/VERA 4.3.0+260116.28,BOG
Bericht,Klasse:INC-Betalingsregelingen/VERA 4.3.0+260116.28,INC"
"Referentiedatasoort:MARKTLABEL","Klasse,Klasse:VERA-Eenheden/VERA 4.3.0+260116.28,Vastgoed"
"Referentiedatasoort:MATERIAALDETAILSOORT","Klasse,Klasse:VERA-BouwkundigElementen/VERA 4.3.0+260116.28,Vastgoed,
Bericht,Klasse:BVG-BouwkundigElementen/VERA 4.3.0+260116.28,BVG
Bericht,Klasse:BVG-Ruimten/VERA 4.3.0+260116.28,BVG
Bericht,Klasse:OHD-BouwkundigElementen/VERA 4.3.0+260116.28,OHD"
"Referentiedatasoort:MATERIAALSOORT","Klasse,Klasse:VERA-BouwkundigElementen/VERA 4.3.0+260116.28,Vastgoed,
Bericht,Klasse:BVG-BouwkundigElementen/VERA 4.3.0+260116.28,BVG
Bericht,Klasse:BVG-Ruimten/VERA 4.3.0+260116.28,BVG
Bericht,Klasse:OHD-BouwkundigElementen/VERA 4.3.0+260116.28,OHD"
"Referentiedatasoort:MEDEWERKERBUDGETSOORT","Klasse,Klasse:VERA-Medewerkerbudgetten/VERA 4.3.0+260116.28,Organisatie"
"Referentiedatasoort:MEDEWERKERROLSOORT","Klasse,Klasse:VERA-Medewerkerrollen/VERA 4.3.0+260116.28,Organisatie"
"Referentiedatasoort:MEDEWERKERSOORT","Klasse,Klasse:VERA-Medewerkers/VERA 4.3.0+260116.28,Organisatie"
"Referentiedatasoort:MEETEENHEID","Klasse,Klasse:VERA-Boekingdetails/VERA 4.3.0+260116.28,Financien,
Klasse,Klasse:VERA-Offerteregels/VERA 4.3.0+260116.28,Financien,
Klasse,Klasse:VERA-Onderhoudsbestedingen/VERA 4.3.0+260116.28,Onderhoud,
Klasse,Klasse:VERA-Onderhoudstaakvoorcalculaties/VERA 4.3.0+260116.28,Onderhoud,
Klasse,Klasse:VERA-Standaardprijzen/VERA 4.3.0+260116.28,Onderhoud,
Klasse,Klasse:VERA-Projectbestedingen/VERA 4.3.0+260116.28,Projectontwikkeling,
Klasse,Klasse:VERA-Woningwaarderingcriteria/VERA 4.3.0+260116.28,Vastgoed,
Bericht,Klasse:BVG-WoningwaarderingResultaten/VERA 4.3.0+260116.28,BVG
Bericht,Klasse:OHD-Offertes/VERA 4.3.0+260116.28,OHD
Bericht,Klasse:OHD-Onderhoudsorders/VERA 4.3.0+260116.28,OHD
Bericht,Klasse:OHD-Onderhoudsorders/VERA 4.3.0+260116.28,OHD
Bericht,Klasse:OHD-Onderhoudsorders/VERA 4.3.0+260116.28,OHD
Bericht,Klasse:OHD-Onderhoudsverzoeken/VERA 4.3.0+260116.28,OHD
Bericht,Klasse:OHD-Onderhoudsverzoeken/VERA 4.3.0+260116.28,OHD
Bericht,Klasse:OHD-Onderhoudsverzoeken/VERA 4.3.0+260116.28,OHD"
"Referentiedatasoort:MONITORINTERVAL","Klasse,Klasse:VERA-Monitorintervallen/VERA 4.3.0+260116.28,Energie,
Bericht,Klasse:BEP-Monitorlogs/VERA 4.3.0+260116.28,BEP
Bericht,Klasse:BEP-Monitormetingen/VERA 4.3.0+260116.28,BEP"
"Referentiedatasoort:MONITORLOGREGELSOORT","Klasse,Klasse:VERA-Monitorlogregels/VERA 4.3.0+260116.28,Energie,
Bericht,Klasse:BEP-Monitorlogs/VERA 4.3.0+260116.28,BEP"
"Referentiedatasoort:MONITORWAARDESOORT","Klasse,Klasse:VERA-Monitorwaarden/VERA 4.3.0+260116.28,Energie,
Bericht,Klasse:BEP-Energieprestatiemetingen/VERA 4.3.0+260116.28,BEP
Bericht,Klasse:BEP-Monitormetingen/VERA 4.3.0+260116.28,BEP"
"Referentiedatasoort:NATIONALITEIT","Klasse,Klasse:VERA-NatuurlijkPersonen/VERA 4.3.0+260116.28,Relaties"
"Referentiedatasoort:OFFERTESTATUS","Klasse,Klasse:VERA-Offertes/VERA 4.3.0+260116.28,Financien,
Bericht,Klasse:OHD-Offertes/VERA 4.3.0+260116.28,OHD"
"Referentiedatasoort:ONDERHOUDDETAILSOORT","Klasse,Klasse:VERA-Onderhoudsorders/VERA 4.3.0+260116.28,Onderhoud,
Bericht,Klasse:OHD-Onderhoudsorders/VERA 4.3.0+260116.28,OHD"
"Referentiedatasoort:ONDERHOUDSBESTEDINGSOORT","Klasse,Klasse:VERA-Offerteregels/VERA 4.3.0+260116.28,Financien,
Klasse,Klasse:VERA-Onderhoudsbestedingen/VERA 4.3.0+260116.28,Onderhoud,
Klasse,Klasse:VERA-Onderhoudstaakvoorcalculaties/VERA 4.3.0+260116.28,Onderhoud,
Bericht,Klasse:OHD-Offertes/VERA 4.3.0+260116.28,OHD
Bericht,Klasse:OHD-Onderhoudsorders/VERA 4.3.0+260116.28,OHD
Bericht,Klasse:OHD-Onderhoudsorders/VERA 4.3.0+260116.28,OHD
Bericht,Klasse:OHD-Onderhoudsverzoeken/VERA 4.3.0+260116.28,OHD
Bericht,Klasse:OHD-Onderhoudsverzoeken/VERA 4.3.0+260116.28,OHD"
"Referentiedatasoort:ONDERHOUDSLABEL","Klasse,Klasse:VERA-Eenheden/VERA 4.3.0+260116.28,Vastgoed,
Bericht,Klasse:BVG-Eenheden/VERA 4.3.0+260116.28,BVG
Bericht,Klasse:VHE-Eenheden/VERA 4.3.0+260116.28,VHE"
"Referentiedatasoort:ONDERHOUDSOORT","Klasse,Klasse:VERA-Onderhoudsorders/VERA 4.3.0+260116.28,Onderhoud,
Klasse,Klasse:VERA-Onderhoudsverzoeken/VERA 4.3.0+260116.28,Onderhoud,
Bericht,Klasse:KMT-Kwaliteitsmetingsverzoeken/VERA 4.3.0+260116.28,KMT
Bericht,Klasse:OHD-Onderhoudsorders/VERA 4.3.0+260116.28,OHD
Bericht,Klasse:OHD-Onderhoudsverzoeken/VERA 4.3.0+260116.28,OHD"
"Referentiedatasoort:ONDERHOUDSORDERSTATUS","Klasse,Klasse:VERA-Onderhoudsorders/VERA 4.3.0+260116.28,Onderhoud,
Bericht,Klasse:OHD-Onderhoudsorders/VERA 4.3.0+260116.28,OHD"
"Referentiedatasoort:ONDERHOUDSPECIALISME","Klasse,Klasse:VERA-Onderhoudstaken/VERA 4.3.0+260116.28,Onderhoud,
Klasse,Klasse:VERA-Onderhoudsovereenkomsten/VERA 4.3.0+260116.28,Overeenkomsten,
Klasse,Klasse:VERA-AfspraakOpties/VERA 4.3.0+260116.28,Relaties,
Klasse,Klasse:VERA-Onderhoudsleveranciers/VERA 4.3.0+260116.28,Relaties,
Bericht,Klasse:OHD-AfspraakOpties/VERA 4.3.0+260116.28,OHD
Bericht,Klasse:OHD-Inspectierapporten/VERA 4.3.0+260116.28,OHD
Bericht,Klasse:OHD-Onderhoudsorders/VERA 4.3.0+260116.28,OHD
Bericht,Klasse:OHD-Onderhoudsverzoeken/VERA 4.3.0+260116.28,OHD"
"Referentiedatasoort:ONDERHOUDSTAAKDETAILSTATUS","Klasse,Klasse:VERA-Onderhoudstaken/VERA 4.3.0+260116.28,Onderhoud,
Bericht,Klasse:OHD-Inspectierapporten/VERA 4.3.0+260116.28,OHD
Bericht,Klasse:OHD-Onderhoudsorders/VERA 4.3.0+260116.28,OHD
Bericht,Klasse:OHD-Onderhoudsverzoeken/VERA 4.3.0+260116.28,OHD"
"Referentiedatasoort:ONDERHOUDSTAAKSTATUS","Klasse,Klasse:VERA-Onderhoudstaken/VERA 4.3.0+260116.28,Onderhoud,
Bericht,Klasse:OHD-Inspectierapporten/VERA 4.3.0+260116.28,OHD
Bericht,Klasse:OHD-Onderhoudsorders/VERA 4.3.0+260116.28,OHD
Bericht,Klasse:OHD-Onderhoudsverzoeken/VERA 4.3.0+260116.28,OHD"
"Referentiedatasoort:ONDERHOUDSVERZOEKSTATUS","Klasse,Klasse:VERA-Onderhoudsverzoeken/VERA 4.3.0+260116.28,Onderhoud,
Bericht,Klasse:KMT-Kwaliteitsmetingsverzoeken/VERA 4.3.0+260116.28,KMT
Bericht,Klasse:OHD-Onderhoudsverzoeken/VERA 4.3.0+260116.28,OHD"
"Referentiedatasoort:ONDERZOEKSOPDRACHTSOORT","Klasse,Klasse:VERA-Onderzoeksopdrachten/VERA 4.3.0+260116.28,Kwaliteit,
Bericht,Klasse:KMT-Onderzoeksopdrachten/VERA 4.3.0+260116.28,KMT"
"Referentiedatasoort:ONDERZOEKSTATUS","Klasse,Klasse:VERA-Onderzoeksopdrachten/VERA 4.3.0+260116.28,Kwaliteit,
Bericht,Klasse:KMT-Onderzoeksopdrachten/VERA 4.3.0+260116.28,KMT"
"Referentiedatasoort:OPLEIDINGSINSTELLING","Klasse,Klasse:VERA-Opleidingen/VERA 4.3.0+260116.28,Relaties,
Bericht,Klasse:BRG-Relaties/VERA 4.3.0+260116.28,BRG
Bericht,Klasse:WRV-Kandidaten/VERA 4.3.0+260116.28,WRV
Bericht,Klasse:WRV-Relaties/VERA 4.3.0+260116.28,WRV
Bericht,Klasse:WRV-Toewijzingen/VERA 4.3.0+260116.28,WRV"
"Referentiedatasoort:OPLEIDINGSNIVEAU","Klasse,Klasse:VERA-Opleidingen/VERA 4.3.0+260116.28,Relaties,
Bericht,Klasse:WRV-Kandidaten/VERA 4.3.0+260116.28,WRV
Bericht,Klasse:WRV-Toewijzingen/VERA 4.3.0+260116.28,WRV"
"Referentiedatasoort:OPPERVLAKTESOORT","Klasse,Klasse:VERA-Oppervlakten/VERA 4.3.0+260116.28,Vastgoed,
Bericht,Klasse:BVG-Eenheden/VERA 4.3.0+260116.28,BVG
Bericht,Klasse:VHE-Eenheden/VERA 4.3.0+260116.28,VHE
Bericht,Klasse:WRV-Eenheden/VERA 4.3.0+260116.28,WRV
Bericht,Klasse:WRV-Publicaties/VERA 4.3.0+260116.28,WRV"
"Referentiedatasoort:OPZEGTERMIJN","Klasse,Klasse:VERA-Arbeidsovereenkomsten/VERA 4.3.0+260116.28,Overeenkomsten,
Klasse,Klasse:VERA-Huurovereenkomsten/VERA 4.3.0+260116.28,Overeenkomsten,
Klasse,Klasse:VERA-Inschrijvingen/VERA 4.3.0+260116.28,Overeenkomsten,
Klasse,Klasse:VERA-Koopovereenkomsten/VERA 4.3.0+260116.28,Overeenkomsten,
Klasse,Klasse:VERA-Monitoringovereenkomsten/VERA 4.3.0+260116.28,Overeenkomsten,
Klasse,Klasse:VERA-Onderhoudsovereenkomsten/VERA 4.3.0+260116.28,Overeenkomsten,
Klasse,Klasse:VERA-Overeenkomsten/VERA 4.3.0+260116.28,Overeenkomsten,
Klasse,Klasse:VERA-Serviceovereenkomsten/VERA 4.3.0+260116.28,Overeenkomsten,
Bericht,Klasse:BOG-Overeenkomsten/VERA 4.3.0+260116.28,BOG"
"Referentiedatasoort:ORGANISATIESOORT","Klasse,Klasse:VERA-Organisaties/VERA 4.3.0+260116.28,Organisatie"
"Referentiedatasoort:ORGANISATIEVORM","Klasse,Klasse:VERA-Onderhoudsleveranciers/VERA 4.3.0+260116.28,Relaties,
Klasse,Klasse:VERA-Rechtspersonen/VERA 4.3.0+260116.28,Relaties"
"Referentiedatasoort:OVEREENKOMSTDETAILSOORT","Klasse,Klasse:VERA-Arbeidsovereenkomsten/VERA 4.3.0+260116.28,Overeenkomsten,
Klasse,Klasse:VERA-Huurovereenkomsten/VERA 4.3.0+260116.28,Overeenkomsten,
Klasse,Klasse:VERA-Inschrijvingen/VERA 4.3.0+260116.28,Overeenkomsten,
Klasse,Klasse:VERA-Koopovereenkomsten/VERA 4.3.0+260116.28,Overeenkomsten,
Klasse,Klasse:VERA-Monitoringovereenkomsten/VERA 4.3.0+260116.28,Overeenkomsten,
Klasse,Klasse:VERA-Onderhoudsovereenkomsten/VERA 4.3.0+260116.28,Overeenkomsten,
Klasse,Klasse:VERA-Overeenkomsten/VERA 4.3.0+260116.28,Overeenkomsten,
Klasse,Klasse:VERA-Serviceovereenkomsten/VERA 4.3.0+260116.28,Overeenkomsten,
Klasse,Klasse:VERA-Publicaties/VERA 4.3.0+260116.28,Woonruimteverdeling,
Bericht,Klasse:BOG-Overeenkomsten/VERA 4.3.0+260116.28,BOG
Bericht,Klasse:BRG-Betaalgegevens/VERA 4.3.0+260116.28,BRG
Bericht,Klasse:KMT-Kwaliteitsmetingsverzoeken/VERA 4.3.0+260116.28,KMT
Bericht,Klasse:WRV-Gebeurtenissen/VERA 4.3.0+260116.28,WRV
Bericht,Klasse:WRV-Kandidaten/VERA 4.3.0+260116.28,WRV
Bericht,Klasse:WRV-Overeenkomsten/VERA 4.3.0+260116.28,WRV
Bericht,Klasse:WRV-Overeenkomstkoppelingen/VERA 4.3.0+260116.28,WRV
Bericht,Klasse:WRV-Puntenberekeningen/VERA 4.3.0+260116.28,WRV
Bericht,Klasse:WRV-Puntengebeurtenissen/VERA 4.3.0+260116.28,WRV
Bericht,Klasse:WRV-Relaties/VERA 4.3.0+260116.28,WRV
Bericht,Klasse:WRV-Sancties/VERA 4.3.0+260116.28,WRV
Bericht,Klasse:WRV-Toewijzingen/VERA 4.3.0+260116.28,WRV"
"Referentiedatasoort:OVEREENKOMSTKOPPELINGDETAILSTATUS","Klasse,Klasse:VERA-Overeenkomstkoppelingen/VERA 4.3.0+260116.28,Overeenkomsten,
Bericht,Klasse:WRV-Overeenkomstkoppelingen/VERA 4.3.0+260116.28,WRV"
"Referentiedatasoort:OVEREENKOMSTKOPPELINGSTATUS","Klasse,Klasse:VERA-Overeenkomstkoppelingen/VERA 4.3.0+260116.28,Overeenkomsten,
Bericht,Klasse:WRV-Overeenkomstkoppelingen/VERA 4.3.0+260116.28,WRV"
"Referentiedatasoort:OVEREENKOMSTSOORT","Klasse,Klasse:VERA-Arbeidsovereenkomsten/VERA 4.3.0+260116.28,Overeenkomsten,
Klasse,Klasse:VERA-Huurovereenkomsten/VERA 4.3.0+260116.28,Overeenkomsten,
Klasse,Klasse:VERA-Inschrijvingen/VERA 4.3.0+260116.28,Overeenkomsten,
Klasse,Klasse:VERA-Koopovereenkomsten/VERA 4.3.0+260116.28,Overeenkomsten,
Klasse,Klasse:VERA-Monitoringovereenkomsten/VERA 4.3.0+260116.28,Overeenkomsten,
Klasse,Klasse:VERA-Onderhoudsovereenkomsten/VERA 4.3.0+260116.28,Overeenkomsten,
Klasse,Klasse:VERA-Overeenkomsten/VERA 4.3.0+260116.28,Overeenkomsten,
Klasse,Klasse:VERA-Serviceovereenkomsten/VERA 4.3.0+260116.28,Overeenkomsten,
Klasse,Klasse:VERA-Publicaties/VERA 4.3.0+260116.28,Woonruimteverdeling,
Bericht,Klasse:BOG-Overeenkomsten/VERA 4.3.0+260116.28,BOG
Bericht,Klasse:BRG-Betaalgegevens/VERA 4.3.0+260116.28,BRG
Bericht,Klasse:KMT-Kwaliteitsmetingsverzoeken/VERA 4.3.0+260116.28,KMT
Bericht,Klasse:WRV-Gebeurtenissen/VERA 4.3.0+260116.28,WRV
Bericht,Klasse:WRV-Kandidaten/VERA 4.3.0+260116.28,WRV
Bericht,Klasse:WRV-Overeenkomsten/VERA 4.3.0+260116.28,WRV
Bericht,Klasse:WRV-Overeenkomstkoppelingen/VERA 4.3.0+260116.28,WRV
Bericht,Klasse:WRV-Puntenberekeningen/VERA 4.3.0+260116.28,WRV
Bericht,Klasse:WRV-Puntengebeurtenissen/VERA 4.3.0+260116.28,WRV
Bericht,Klasse:WRV-Relaties/VERA 4.3.0+260116.28,WRV
Bericht,Klasse:WRV-Sancties/VERA 4.3.0+260116.28,WRV
Bericht,Klasse:WRV-Toewijzingen/VERA 4.3.0+260116.28,WRV"
"Referentiedatasoort:OVEREENKOMSTSTATUS","Klasse,Klasse:VERA-Arbeidsovereenkomsten/VERA 4.3.0+260116.28,Overeenkomsten,
Klasse,Klasse:VERA-Huurovereenkomsten/VERA 4.3.0+260116.28,Overeenkomsten,
Klasse,Klasse:VERA-Inschrijvingen/VERA 4.3.0+260116.28,Overeenkomsten,
Klasse,Klasse:VERA-Koopovereenkomsten/VERA 4.3.0+260116.28,Overeenkomsten,
Klasse,Klasse:VERA-Monitoringovereenkomsten/VERA 4.3.0+260116.28,Overeenkomsten,
Klasse,Klasse:VERA-Onderhoudsovereenkomsten/VERA 4.3.0+260116.28,Overeenkomsten,
Klasse,Klasse:VERA-Overeenkomsten/VERA 4.3.0+260116.28,Overeenkomsten,
Klasse,Klasse:VERA-Serviceovereenkomsten/VERA 4.3.0+260116.28,Overeenkomsten,
Bericht,Klasse:BOG-Overeenkomsten/VERA 4.3.0+260116.28,BOG
Bericht,Klasse:WRV-Overeenkomsten/VERA 4.3.0+260116.28,WRV
Bericht,Klasse:WRV-Overeenkomstkoppelingen/VERA 4.3.0+260116.28,WRV"
"Referentiedatasoort:OVEREENKOMSTVERSTURENSTATUS","Klasse,Klasse:VERA-Arbeidsovereenkomsten/VERA 4.3.0+260116.28,Overeenkomsten,
Klasse,Klasse:VERA-Huurovereenkomsten/VERA 4.3.0+260116.28,Overeenkomsten,
Klasse,Klasse:VERA-Inschrijvingen/VERA 4.3.0+260116.28,Overeenkomsten,
Klasse,Klasse:VERA-Koopovereenkomsten/VERA 4.3.0+260116.28,Overeenkomsten,
Klasse,Klasse:VERA-Monitoringovereenkomsten/VERA 4.3.0+260116.28,Overeenkomsten,
Klasse,Klasse:VERA-Onderhoudsovereenkomsten/VERA 4.3.0+260116.28,Overeenkomsten,
Klasse,Klasse:VERA-Overeenkomsten/VERA 4.3.0+260116.28,Overeenkomsten,
Klasse,Klasse:VERA-Serviceovereenkomsten/VERA 4.3.0+260116.28,Overeenkomsten,
Bericht,Klasse:BOG-Overeenkomsten/VERA 4.3.0+260116.28,BOG"
"Referentiedatasoort:PANDSOORT","Klasse,Klasse:VERA-Panden/VERA 4.3.0+260116.28,Vastgoed,
Bericht,Klasse:BVG-Eenheden/VERA 4.3.0+260116.28,BVG
Bericht,Klasse:VHE-Eenheden/VERA 4.3.0+260116.28,VHE
Bericht,Klasse:WRV-Eenheden/VERA 4.3.0+260116.28,WRV
Bericht,Klasse:WRV-Publicaties/VERA 4.3.0+260116.28,WRV"
"Referentiedatasoort:PANDSTATUS","Klasse,Klasse:VERA-Panden/VERA 4.3.0+260116.28,Vastgoed"
"Referentiedatasoort:PASSENDHEIDDETAILSOORT","Klasse,Klasse:VERA-Toewijzingen/VERA 4.3.0+260116.28,Woonruimteverdeling,
Bericht,Klasse:WRV-Toewijzingen/VERA 4.3.0+260116.28,WRV"
"Referentiedatasoort:PASSENDHEIDSSOORT","Klasse,Klasse:VERA-Toewijzingen/VERA 4.3.0+260116.28,Woonruimteverdeling,
Bericht,Klasse:WRV-Toewijzingen/VERA 4.3.0+260116.28,WRV"
"Referentiedatasoort:PERSONELEFUNCTIESOORT","Klasse,Klasse:VERA-PersoneleFuncties/VERA 4.3.0+260116.28,Organisatie"
"Referentiedatasoort:PRESTATIEAFSPRAAK","Klasse,Klasse:VERA-Eenheden/VERA 4.3.0+260116.28,Vastgoed"
"Referentiedatasoort:PRIJSAANPASSINGSOORT","Klasse,Klasse:VERA-Prijsaanpassingen/VERA 4.3.0+260116.28,Financien,
Bericht,Klasse:OHD-Inkoopfacturen/VERA 4.3.0+260116.28,OHD
Bericht,Klasse:OHD-Offertes/VERA 4.3.0+260116.28,OHD"
"Referentiedatasoort:PRIJSCOMPONENTDETAILSOORT","Klasse,Klasse:VERA-Prijscomponenten/VERA 4.3.0+260116.28,Overeenkomsten,
Bericht,Klasse:BOG-Overeenkomsten/VERA 4.3.0+260116.28,BOG
Bericht,Klasse:BOG-Prijscomponenten/VERA 4.3.0+260116.28,BOG
Bericht,Klasse:BVG-Eenheden/VERA 4.3.0+260116.28,BVG
Bericht,Klasse:VHE-Eenheden/VERA 4.3.0+260116.28,VHE
Bericht,Klasse:WRV-Eenheden/VERA 4.3.0+260116.28,WRV
Bericht,Klasse:WRV-Publicaties/VERA 4.3.0+260116.28,WRV"
"Referentiedatasoort:PRIJSCOMPONENTSOORT","Klasse,Klasse:VERA-Prijscomponenten/VERA 4.3.0+260116.28,Overeenkomsten,
Bericht,Klasse:BOG-Overeenkomsten/VERA 4.3.0+260116.28,BOG
Bericht,Klasse:BOG-Prijscomponenten/VERA 4.3.0+260116.28,BOG
Bericht,Klasse:BVG-Eenheden/VERA 4.3.0+260116.28,BVG
Bericht,Klasse:VHE-Eenheden/VERA 4.3.0+260116.28,VHE
Bericht,Klasse:WRV-Eenheden/VERA 4.3.0+260116.28,WRV
Bericht,Klasse:WRV-Publicaties/VERA 4.3.0+260116.28,WRV"
"Referentiedatasoort:PRIJSCOMPONENTSUBSIDIESOORT","Klasse,Klasse:VERA-Prijscomponenten/VERA 4.3.0+260116.28,Overeenkomsten,
Bericht,Klasse:BOG-Overeenkomsten/VERA 4.3.0+260116.28,BOG
Bericht,Klasse:BOG-Prijscomponenten/VERA 4.3.0+260116.28,BOG
Bericht,Klasse:BVG-Eenheden/VERA 4.3.0+260116.28,BVG
Bericht,Klasse:VHE-Eenheden/VERA 4.3.0+260116.28,VHE
Bericht,Klasse:WRV-Eenheden/VERA 4.3.0+260116.28,WRV
Bericht,Klasse:WRV-Publicaties/VERA 4.3.0+260116.28,WRV"
"Referentiedatasoort:PRIJSCOMPONENTWIJZIGINGSREDEN","Klasse,Klasse:VERA-Prijscomponenten/VERA 4.3.0+260116.28,Overeenkomsten,
Bericht,Klasse:BOG-Overeenkomsten/VERA 4.3.0+260116.28,BOG
Bericht,Klasse:BVG-Eenheden/VERA 4.3.0+260116.28,BVG
Bericht,Klasse:VHE-Eenheden/VERA 4.3.0+260116.28,VHE"
"Referentiedatasoort:PRIORITEIT","Klasse,Klasse:VERA-Processen/VERA 4.3.0+260116.28,Dossier,
Klasse,Klasse:VERA-Processtappen/VERA 4.3.0+260116.28,Dossier"
"Referentiedatasoort:PROCESNIVEAU","Klasse,Klasse:VERA-Processen/VERA 4.3.0+260116.28,Dossier"
"Referentiedatasoort:PROCESSOORT","Klasse,Klasse:VERA-Processen/VERA 4.3.0+260116.28,Dossier"
"Referentiedatasoort:PROCESSTAPACTIE","Klasse,Klasse:VERA-Processtappen/VERA 4.3.0+260116.28,Dossier"
"Referentiedatasoort:PROCESSTAPSOORT","Klasse,Klasse:VERA-Processtappen/VERA 4.3.0+260116.28,Dossier"
"Referentiedatasoort:PROCESSTAPSTATUS","Klasse,Klasse:VERA-Processtappen/VERA 4.3.0+260116.28,Dossier"
"Referentiedatasoort:PROCESSTATUS","Klasse,Klasse:VERA-Processen/VERA 4.3.0+260116.28,Dossier"
"Referentiedatasoort:PROJECTBESTEDINGSOORT","Klasse,Klasse:VERA-Projectbestedingen/VERA 4.3.0+260116.28,Projectontwikkeling"
"Referentiedatasoort:PROJECTBUDGETREGELREGELSOORT","Klasse,Klasse:VERA-Projectbudgetregels/VERA 4.3.0+260116.28,Projectontwikkeling"
"Referentiedatasoort:PROJECTBUDGETREGELSOORT","Klasse,Klasse:VERA-Projectbudgetregels/VERA 4.3.0+260116.28,Projectontwikkeling"
"Referentiedatasoort:PROJECTBUDGETREGELSTATUS","Klasse,Klasse:VERA-Projectbudgetregels/VERA 4.3.0+260116.28,Projectontwikkeling"
"Referentiedatasoort:PROJECTFASEBESLUITSTATUS","Klasse,Klasse:VERA-Projectfasebesluiten/VERA 4.3.0+260116.28,Projectontwikkeling"
"Referentiedatasoort:PROJECTFASESOORT","Klasse,Klasse:VERA-Projectfasen/VERA 4.3.0+260116.28,Projectontwikkeling"
"Referentiedatasoort:PROJECTROLDETAILSOORT","Klasse,Klasse:VERA-Projectrollen/VERA 4.3.0+260116.28,Projectontwikkeling"
"Referentiedatasoort:PROJECTROLSOORT","Klasse,Klasse:VERA-Projectrollen/VERA 4.3.0+260116.28,Projectontwikkeling"
"Referentiedatasoort:PROJECTSOORT","Klasse,Klasse:VERA-Projecten/VERA 4.3.0+260116.28,Projectontwikkeling"
"Referentiedatasoort:PROJECTSTATUS","Klasse,Klasse:VERA-Projecten/VERA 4.3.0+260116.28,Projectontwikkeling"
"Referentiedatasoort:PROJECTTAAKDETAILSOORT","Klasse,Klasse:VERA-Projecttaken/VERA 4.3.0+260116.28,Projectontwikkeling"
"Referentiedatasoort:PROJECTTAAKSOORT","Klasse,Klasse:VERA-Projecttaken/VERA 4.3.0+260116.28,Projectontwikkeling"
"Referentiedatasoort:PROVINCIE","Klasse,Klasse:VERA-Eenheidadressen/VERA 4.3.0+260116.28,Vastgoed,
Klasse,Klasse:VERA-Gemeenten/VERA 4.3.0+260116.28,Vastgoed,
Bericht,Klasse:BVG-Eenheden/VERA 4.3.0+260116.28,BVG
Bericht,Klasse:VHE-Eenheden/VERA 4.3.0+260116.28,VHE"
"Referentiedatasoort:PUBLICATIECONTRACTVORM","Klasse,Klasse:VERA-Publicaties/VERA 4.3.0+260116.28,Woonruimteverdeling,
Bericht,Klasse:WRV-Publicaties/VERA 4.3.0+260116.28,WRV"
"Referentiedatasoort:PUBLICATIEDETAILMODEL","Klasse,Klasse:VERA-Publicaties/VERA 4.3.0+260116.28,Woonruimteverdeling,
Bericht,Klasse:WRV-Publicaties/VERA 4.3.0+260116.28,WRV"
"Referentiedatasoort:PUBLICATIEDETAILSTATUS","Klasse,Klasse:VERA-Publicaties/VERA 4.3.0+260116.28,Woonruimteverdeling,
Bericht,Klasse:WRV-Publicaties/VERA 4.3.0+260116.28,WRV"
"Referentiedatasoort:PUBLICATIEINTAKEVORM","Klasse,Klasse:VERA-Publicaties/VERA 4.3.0+260116.28,Woonruimteverdeling,
Bericht,Klasse:WRV-Publicaties/VERA 4.3.0+260116.28,WRV"
"Referentiedatasoort:PUBLICATIEMODEL","Klasse,Klasse:VERA-Publicaties/VERA 4.3.0+260116.28,Woonruimteverdeling,
Klasse,Klasse:VERA-Zoekprofielen/VERA 4.3.0+260116.28,Woonruimteverdeling,
Klasse,Klasse:VERA-Zoekprofielen/VERA 4.3.0+260116.28,Woonruimteverdeling,
Bericht,Klasse:WRV-Publicaties/VERA 4.3.0+260116.28,WRV"
"Referentiedatasoort:PUBLICATIEMODULE","Klasse,Klasse:VERA-Publicaties/VERA 4.3.0+260116.28,Woonruimteverdeling,
Bericht,Klasse:WRV-Publicaties/VERA 4.3.0+260116.28,WRV"
"Referentiedatasoort:PUBLICATIESTATUS","Klasse,Klasse:VERA-Publicaties/VERA 4.3.0+260116.28,Woonruimteverdeling,
Bericht,Klasse:WRV-Publicaties/VERA 4.3.0+260116.28,WRV"
"Referentiedatasoort:Puntenberekeningsoort","Klasse,Klasse:VERA-Puntenberekeningen/VERA 4.3.0+260116.28,Woonruimteverdeling,
Bericht,Klasse:WRV-Puntenberekeningen/VERA 4.3.0+260116.28,WRV"
"Referentiedatasoort:PUNTENMUTATIESOORT","Klasse,Klasse:VERA-Puntenmutaties/VERA 4.3.0+260116.28,Woonruimteverdeling,
Bericht,Klasse:WRV-Puntenberekeningen/VERA 4.3.0+260116.28,WRV"
"Referentiedatasoort:RAYON","Klasse,Klasse:VERA-Eenheden/VERA 4.3.0+260116.28,Vastgoed,
Bericht,Klasse:BVG-Eenheden/VERA 4.3.0+260116.28,BVG
Bericht,Klasse:VHE-Eenheden/VERA 4.3.0+260116.28,VHE
Bericht,Klasse:WRV-Publicaties/VERA 4.3.0+260116.28,WRV"
"Referentiedatasoort:REACTIEDETAILSTATUS","Klasse,Klasse:VERA-Reacties/VERA 4.3.0+260116.28,Woonruimteverdeling"
"Referentiedatasoort:REACTIESTATUS","Klasse,Klasse:VERA-Reacties/VERA 4.3.0+260116.28,Woonruimteverdeling"
"Referentiedatasoort:RECHTVANOPSTAL","Klasse,Klasse:VERA-KadasterPercelen/VERA 4.3.0+260116.28,Vastgoed"
"Referentiedatasoort:RECLAMATIEDETAILSOORT","Klasse,Klasse:VERA-Reclamaties/VERA 4.3.0+260116.28,Woonruimteverdeling,
Bericht,Klasse:WRV-Reclamaties/VERA 4.3.0+260116.28,WRV"
"Referentiedatasoort:RECLAMATIEDETAILSTATUS","Klasse,Klasse:VERA-Reclamaties/VERA 4.3.0+260116.28,Woonruimteverdeling,
Bericht,Klasse:WRV-Reclamaties/VERA 4.3.0+260116.28,WRV"
"Referentiedatasoort:RECLAMATIESOORT","Klasse,Klasse:VERA-Reclamaties/VERA 4.3.0+260116.28,Woonruimteverdeling,
Bericht,Klasse:WRV-Reclamaties/VERA 4.3.0+260116.28,WRV"
"Referentiedatasoort:RECLAMATIESTATUS","Klasse,Klasse:VERA-Reclamaties/VERA 4.3.0+260116.28,Woonruimteverdeling,
Bericht,Klasse:WRV-Reclamaties/VERA 4.3.0+260116.28,WRV"
"Referentiedatasoort:REDENONTBINDING","Klasse,Klasse:VERA-Arbeidsovereenkomsten/VERA 4.3.0+260116.28,Overeenkomsten,
Klasse,Klasse:VERA-Huurovereenkomsten/VERA 4.3.0+260116.28,Overeenkomsten,
Klasse,Klasse:VERA-Inschrijvingen/VERA 4.3.0+260116.28,Overeenkomsten,
Klasse,Klasse:VERA-Koopovereenkomsten/VERA 4.3.0+260116.28,Overeenkomsten,
Klasse,Klasse:VERA-Monitoringovereenkomsten/VERA 4.3.0+260116.28,Overeenkomsten,
Klasse,Klasse:VERA-Onderhoudsovereenkomsten/VERA 4.3.0+260116.28,Overeenkomsten,
Klasse,Klasse:VERA-Overeenkomsten/VERA 4.3.0+260116.28,Overeenkomsten,
Klasse,Klasse:VERA-Serviceovereenkomsten/VERA 4.3.0+260116.28,Overeenkomsten"
"Referentiedatasoort:REDENOPZEGGING","Klasse,Klasse:VERA-Arbeidsovereenkomsten/VERA 4.3.0+260116.28,Overeenkomsten,
Klasse,Klasse:VERA-Huuropzeggingen/VERA 4.3.0+260116.28,Overeenkomsten,
Klasse,Klasse:VERA-Huurovereenkomsten/VERA 4.3.0+260116.28,Overeenkomsten,
Klasse,Klasse:VERA-Inschrijvingen/VERA 4.3.0+260116.28,Overeenkomsten,
Klasse,Klasse:VERA-Koopovereenkomsten/VERA 4.3.0+260116.28,Overeenkomsten,
Klasse,Klasse:VERA-Monitoringovereenkomsten/VERA 4.3.0+260116.28,Overeenkomsten,
Klasse,Klasse:VERA-Onderhoudsovereenkomsten/VERA 4.3.0+260116.28,Overeenkomsten,
Klasse,Klasse:VERA-Overeenkomsten/VERA 4.3.0+260116.28,Overeenkomsten,
Klasse,Klasse:VERA-Serviceovereenkomsten/VERA 4.3.0+260116.28,Overeenkomsten,
Bericht,Klasse:VHE-Huuropzeggingen/VERA 4.3.0+260116.28,VHE
Bericht,Klasse:WRV-Overeenkomstkoppelingen/VERA 4.3.0+260116.28,WRV"
"Referentiedatasoort:REDENVERNIETIGING","Klasse,Klasse:VERA-Arbeidsovereenkomsten/VERA 4.3.0+260116.28,Overeenkomsten,
Klasse,Klasse:VERA-Huurovereenkomsten/VERA 4.3.0+260116.28,Overeenkomsten,
Klasse,Klasse:VERA-Inschrijvingen/VERA 4.3.0+260116.28,Overeenkomsten,
Klasse,Klasse:VERA-Koopovereenkomsten/VERA 4.3.0+260116.28,Overeenkomsten,
Klasse,Klasse:VERA-Monitoringovereenkomsten/VERA 4.3.0+260116.28,Overeenkomsten,
Klasse,Klasse:VERA-Onderhoudsovereenkomsten/VERA 4.3.0+260116.28,Overeenkomsten,
Klasse,Klasse:VERA-Overeenkomsten/VERA 4.3.0+260116.28,Overeenkomsten,
Klasse,Klasse:VERA-Serviceovereenkomsten/VERA 4.3.0+260116.28,Overeenkomsten"
"Referentiedatasoort:REGELINGSOORT","Klasse,Klasse:VERA-Regelingen/VERA 4.3.0+260116.28,Woonruimteverdeling"
"Referentiedatasoort:REGIESOORT","Klasse,Klasse:VERA-Projecten/VERA 4.3.0+260116.28,Projectontwikkeling"
"Referentiedatasoort:RELATIEADRESSOORT","Klasse,Klasse:VERA-RelatieAdressen/VERA 4.3.0+260116.28,Relaties,
Bericht,Klasse:BRG-Relaties/VERA 4.3.0+260116.28,BRG
Bericht,Klasse:VHE-Huuropzeggingen/VERA 4.3.0+260116.28,VHE
Bericht,Klasse:WRV-Eenheden/VERA 4.3.0+260116.28,WRV
Bericht,Klasse:WRV-Kandidaten/VERA 4.3.0+260116.28,WRV
Bericht,Klasse:WRV-Overeenkomstkoppelingen/VERA 4.3.0+260116.28,WRV
Bericht,Klasse:WRV-Relaties/VERA 4.3.0+260116.28,WRV"
"Referentiedatasoort:RELATIEDETAILSOORT","Klasse,Klasse:VERA-NatuurlijkPersonen/VERA 4.3.0+260116.28,Relaties,
Klasse,Klasse:VERA-Onderhoudsleveranciers/VERA 4.3.0+260116.28,Relaties,
Klasse,Klasse:VERA-Rechtspersonen/VERA 4.3.0+260116.28,Relaties,
Klasse,Klasse:VERA-Relaties/VERA 4.3.0+260116.28,Relaties,
Klasse,Klasse:VERA-Relatiegroepen/VERA 4.3.0+260116.28,Relaties,
Bericht,Klasse:BDO-Dossiers/VERA 4.3.0+260116.28,BDO
Bericht,Klasse:BDO-Informatieobjecten/VERA 4.3.0+260116.28,BDO
Bericht,Klasse:BDO-Zaken/VERA 4.3.0+260116.28,BDO
Bericht,Klasse:BOG-Overeenkomsten/VERA 4.3.0+260116.28,BOG
Bericht,Klasse:BRG-Betaalgegevens/VERA 4.3.0+260116.28,BRG
Bericht,Klasse:BRG-Contactmomenten/VERA 4.3.0+260116.28,BRG
Bericht,Klasse:BRG-Relaties/VERA 4.3.0+260116.28,BRG
Bericht,Klasse:BRG-Signaleringen/VERA 4.3.0+260116.28,BRG
Bericht,Klasse:BVG-BouwkundigElementen/VERA 4.3.0+260116.28,BVG
Bericht,Klasse:BVG-Clusters/VERA 4.3.0+260116.28,BVG
Bericht,Klasse:BVG-Eenheden/VERA 4.3.0+260116.28,BVG
Bericht,Klasse:KMT-Kwaliteitsmetingsverzoeken/VERA 4.3.0+260116.28,KMT
Bericht,Klasse:KMT-Onderzoeksopdrachten/VERA 4.3.0+260116.28,KMT
Bericht,Klasse:OHD-AfspraakOpties/VERA 4.3.0+260116.28,OHD
Bericht,Klasse:OHD-Afspraken/VERA 4.3.0+260116.28,OHD
Bericht,Klasse:OHD-BouwkundigElementen/VERA 4.3.0+260116.28,OHD
Bericht,Klasse:OHD-Inspectierapporten/VERA 4.3.0+260116.28,OHD
Bericht,Klasse:OHD-Offertes/VERA 4.3.0+260116.28,OHD
Bericht,Klasse:OHD-Onderhoudsorders/VERA 4.3.0+260116.28,OHD
Bericht,Klasse:OHD-Onderhoudsverzoeken/VERA 4.3.0+260116.28,OHD
Bericht,Klasse:VHE-Clusters/VERA 4.3.0+260116.28,VHE
Bericht,Klasse:VHE-Eenheden/VERA 4.3.0+260116.28,VHE
Bericht,Klasse:VHE-Huuropzeggingen/VERA 4.3.0+260116.28,VHE
Bericht,Klasse:WRV-Aanbiedingen/VERA 4.3.0+260116.28,WRV
Bericht,Klasse:WRV-Eenheden/VERA 4.3.0+260116.28,WRV
Bericht,Klasse:WRV-Kandidaten/VERA 4.3.0+260116.28,WRV
Bericht,Klasse:WRV-Overeenkomstkoppelingen/VERA 4.3.0+260116.28,WRV
Bericht,Klasse:WRV-Publicaties/VERA 4.3.0+260116.28,WRV
Bericht,Klasse:WRV-Reclamaties/VERA 4.3.0+260116.28,WRV
Bericht,Klasse:WRV-Relaties/VERA 4.3.0+260116.28,WRV
Bericht,Klasse:WRV-Toewijzingen/VERA 4.3.0+260116.28,WRV"
"Referentiedatasoort:RELATIEROLSOORT","Klasse,Klasse:VERA-Relatierollen/VERA 4.3.0+260116.28,Relaties,
Bericht,Klasse:BDO-Dossiers/VERA 4.3.0+260116.28,BDO
Bericht,Klasse:BDO-Informatieobjecten/VERA 4.3.0+260116.28,BDO
Bericht,Klasse:BDO-Zaken/VERA 4.3.0+260116.28,BDO
Bericht,Klasse:BOG-Overeenkomsten/VERA 4.3.0+260116.28,BOG
Bericht,Klasse:BRG-Betaalgegevens/VERA 4.3.0+260116.28,BRG
Bericht,Klasse:BRG-Contactmomenten/VERA 4.3.0+260116.28,BRG
Bericht,Klasse:BRG-Relaties/VERA 4.3.0+260116.28,BRG
Bericht,Klasse:BVG-BouwkundigElementen/VERA 4.3.0+260116.28,BVG
Bericht,Klasse:BVG-Clusters/VERA 4.3.0+260116.28,BVG
Bericht,Klasse:BVG-Eenheden/VERA 4.3.0+260116.28,BVG
Bericht,Klasse:KMT-Kwaliteitsmetingsverzoeken/VERA 4.3.0+260116.28,KMT
Bericht,Klasse:OHD-AfspraakOpties/VERA 4.3.0+260116.28,OHD
Bericht,Klasse:OHD-Afspraken/VERA 4.3.0+260116.28,OHD
Bericht,Klasse:OHD-BouwkundigElementen/VERA 4.3.0+260116.28,OHD
Bericht,Klasse:OHD-Inspectierapporten/VERA 4.3.0+260116.28,OHD
Bericht,Klasse:OHD-Offertes/VERA 4.3.0+260116.28,OHD
Bericht,Klasse:OHD-Onderhoudsorders/VERA 4.3.0+260116.28,OHD
Bericht,Klasse:OHD-Onderhoudsverzoeken/VERA 4.3.0+260116.28,OHD
Bericht,Klasse:VHE-Clusters/VERA 4.3.0+260116.28,VHE
Bericht,Klasse:VHE-Eenheden/VERA 4.3.0+260116.28,VHE
Bericht,Klasse:VHE-Huuropzeggingen/VERA 4.3.0+260116.28,VHE
Bericht,Klasse:WRV-Aanbiedingen/VERA 4.3.0+260116.28,WRV
Bericht,Klasse:WRV-Eenheden/VERA 4.3.0+260116.28,WRV
Bericht,Klasse:WRV-Kandidaten/VERA 4.3.0+260116.28,WRV
Bericht,Klasse:WRV-Overeenkomstkoppelingen/VERA 4.3.0+260116.28,WRV
Bericht,Klasse:WRV-Publicaties/VERA 4.3.0+260116.28,WRV
Bericht,Klasse:WRV-Reclamaties/VERA 4.3.0+260116.28,WRV
Bericht,Klasse:WRV-Relaties/VERA 4.3.0+260116.28,WRV
Bericht,Klasse:WRV-Toewijzingen/VERA 4.3.0+260116.28,WRV"
"Referentiedatasoort:RELATIESOORT","Klasse,Klasse:VERA-NatuurlijkPersonen/VERA 4.3.0+260116.28,Relaties,
Klasse,Klasse:VERA-Onderhoudsleveranciers/VERA 4.3.0+260116.28,Relaties,
Klasse,Klasse:VERA-Rechtspersonen/VERA 4.3.0+260116.28,Relaties,
Klasse,Klasse:VERA-Relaties/VERA 4.3.0+260116.28,Relaties,
Klasse,Klasse:VERA-Relatiegroepen/VERA 4.3.0+260116.28,Relaties,
Bericht,Klasse:BDO-Dossiers/VERA 4.3.0+260116.28,BDO
Bericht,Klasse:BDO-Informatieobjecten/VERA 4.3.0+260116.28,BDO
Bericht,Klasse:BDO-Zaken/VERA 4.3.0+260116.28,BDO
Bericht,Klasse:BOG-Overeenkomsten/VERA 4.3.0+260116.28,BOG
Bericht,Klasse:BRG-Betaalgegevens/VERA 4.3.0+260116.28,BRG
Bericht,Klasse:BRG-Contactmomenten/VERA 4.3.0+260116.28,BRG
Bericht,Klasse:BRG-Relaties/VERA 4.3.0+260116.28,BRG
Bericht,Klasse:BRG-Signaleringen/VERA 4.3.0+260116.28,BRG
Bericht,Klasse:BVG-BouwkundigElementen/VERA 4.3.0+260116.28,BVG
Bericht,Klasse:BVG-Clusters/VERA 4.3.0+260116.28,BVG
Bericht,Klasse:BVG-Eenheden/VERA 4.3.0+260116.28,BVG
Bericht,Klasse:KMT-Kwaliteitsmetingsverzoeken/VERA 4.3.0+260116.28,KMT
Bericht,Klasse:KMT-Onderzoeksopdrachten/VERA 4.3.0+260116.28,KMT
Bericht,Klasse:OHD-AfspraakOpties/VERA 4.3.0+260116.28,OHD
Bericht,Klasse:OHD-Afspraken/VERA 4.3.0+260116.28,OHD
Bericht,Klasse:OHD-BouwkundigElementen/VERA 4.3.0+260116.28,OHD
Bericht,Klasse:OHD-Inspectierapporten/VERA 4.3.0+260116.28,OHD
Bericht,Klasse:OHD-Offertes/VERA 4.3.0+260116.28,OHD
Bericht,Klasse:OHD-Onderhoudsorders/VERA 4.3.0+260116.28,OHD
Bericht,Klasse:OHD-Onderhoudsverzoeken/VERA 4.3.0+260116.28,OHD
Bericht,Klasse:VHE-Clusters/VERA 4.3.0+260116.28,VHE
Bericht,Klasse:VHE-Eenheden/VERA 4.3.0+260116.28,VHE
Bericht,Klasse:VHE-Huuropzeggingen/VERA 4.3.0+260116.28,VHE
Bericht,Klasse:WRV-Aanbiedingen/VERA 4.3.0+260116.28,WRV
Bericht,Klasse:WRV-Eenheden/VERA 4.3.0+260116.28,WRV
Bericht,Klasse:WRV-Kandidaten/VERA 4.3.0+260116.28,WRV
Bericht,Klasse:WRV-Overeenkomstkoppelingen/VERA 4.3.0+260116.28,WRV
Bericht,Klasse:WRV-Publicaties/VERA 4.3.0+260116.28,WRV
Bericht,Klasse:WRV-Reclamaties/VERA 4.3.0+260116.28,WRV
Bericht,Klasse:WRV-Relaties/VERA 4.3.0+260116.28,WRV
Bericht,Klasse:WRV-Toewijzingen/VERA 4.3.0+260116.28,WRV"
"Referentiedatasoort:RELATIESTATUS","Klasse,Klasse:VERA-NatuurlijkPersonen/VERA 4.3.0+260116.28,Relaties,
Klasse,Klasse:VERA-Onderhoudsleveranciers/VERA 4.3.0+260116.28,Relaties,
Klasse,Klasse:VERA-Rechtspersonen/VERA 4.3.0+260116.28,Relaties,
Klasse,Klasse:VERA-Relaties/VERA 4.3.0+260116.28,Relaties,
Klasse,Klasse:VERA-Relatiegroepen/VERA 4.3.0+260116.28,Relaties"
"Referentiedatasoort:RENTESOORT","Klasse,Klasse:VERA-Leningen/VERA 4.3.0+260116.28,Financien"
"Referentiedatasoort:RESULTAATREACTIE","Klasse,Klasse:VERA-Kwaliteitsmetingsresultaten/VERA 4.3.0+260116.28,Kwaliteit,
Bericht,Klasse:KMT-Kwaliteitsmetingsresultaten/VERA 4.3.0+260116.28,KMT"
"Referentiedatasoort:RUIMTEDETAILSOORT","Klasse,Klasse:VERA-Ruimten/VERA 4.3.0+260116.28,Vastgoed,
Klasse,Klasse:VERA-Vertrekken/VERA 4.3.0+260116.28,Vastgoed,
Bericht,Klasse:BVG-Eenheden/VERA 4.3.0+260116.28,BVG
Bericht,Klasse:BVG-Eenheden/VERA 4.3.0+260116.28,BVG
Bericht,Klasse:BVG-Ruimten/VERA 4.3.0+260116.28,BVG
Bericht,Klasse:VHE-Eenheden/VERA 4.3.0+260116.28,VHE
Bericht,Klasse:VHE-Eenheden/VERA 4.3.0+260116.28,VHE
Bericht,Klasse:WRV-Eenheden/VERA 4.3.0+260116.28,WRV
Bericht,Klasse:WRV-Eenheden/VERA 4.3.0+260116.28,WRV
Bericht,Klasse:WRV-Publicaties/VERA 4.3.0+260116.28,WRV
Bericht,Klasse:WRV-Publicaties/VERA 4.3.0+260116.28,WRV"
"Referentiedatasoort:RUIMTELIGGING","Klasse,Klasse:VERA-CollectiefObjecten/VERA 4.3.0+260116.28,Vastgoed,
Klasse,Klasse:VERA-Ruimten/VERA 4.3.0+260116.28,Vastgoed,
Bericht,Klasse:BVG-Eenheden/VERA 4.3.0+260116.28,BVG
Bericht,Klasse:BVG-Eenheden/VERA 4.3.0+260116.28,BVG
Bericht,Klasse:BVG-Ruimten/VERA 4.3.0+260116.28,BVG
Bericht,Klasse:OHD-CollectiefObjecten/VERA 4.3.0+260116.28,OHD
Bericht,Klasse:VHE-Eenheden/VERA 4.3.0+260116.28,VHE
Bericht,Klasse:WRV-Eenheden/VERA 4.3.0+260116.28,WRV
Bericht,Klasse:WRV-Eenheden/VERA 4.3.0+260116.28,WRV
Bericht,Klasse:WRV-Publicaties/VERA 4.3.0+260116.28,WRV
Bericht,Klasse:WRV-Publicaties/VERA 4.3.0+260116.28,WRV"
"Referentiedatasoort:RUIMTESOORT","Klasse,Klasse:VERA-CollectiefObjecten/VERA 4.3.0+260116.28,Vastgoed,
Klasse,Klasse:VERA-Ruimten/VERA 4.3.0+260116.28,Vastgoed,
Klasse,Klasse:VERA-Vertrekken/VERA 4.3.0+260116.28,Vastgoed,
Bericht,Klasse:BVG-Eenheden/VERA 4.3.0+260116.28,BVG
Bericht,Klasse:BVG-Eenheden/VERA 4.3.0+260116.28,BVG
Bericht,Klasse:BVG-Eenheden/VERA 4.3.0+260116.28,BVG
Bericht,Klasse:BVG-Ruimten/VERA 4.3.0+260116.28,BVG
Bericht,Klasse:OHD-CollectiefObjecten/VERA 4.3.0+260116.28,OHD
Bericht,Klasse:VHE-Eenheden/VERA 4.3.0+260116.28,VHE
Bericht,Klasse:VHE-Eenheden/VERA 4.3.0+260116.28,VHE
Bericht,Klasse:WRV-Eenheden/VERA 4.3.0+260116.28,WRV
Bericht,Klasse:WRV-Eenheden/VERA 4.3.0+260116.28,WRV
Bericht,Klasse:WRV-Eenheden/VERA 4.3.0+260116.28,WRV
Bericht,Klasse:WRV-Publicaties/VERA 4.3.0+260116.28,WRV
Bericht,Klasse:WRV-Publicaties/VERA 4.3.0+260116.28,WRV
Bericht,Klasse:WRV-Publicaties/VERA 4.3.0+260116.28,WRV"
"Referentiedatasoort:RUIMTETOEGANG","Klasse,Klasse:VERA-CollectiefObjecten/VERA 4.3.0+260116.28,Vastgoed,
Bericht,Klasse:BVG-Eenheden/VERA 4.3.0+260116.28,BVG
Bericht,Klasse:OHD-CollectiefObjecten/VERA 4.3.0+260116.28,OHD
Bericht,Klasse:WRV-Eenheden/VERA 4.3.0+260116.28,WRV
Bericht,Klasse:WRV-Publicaties/VERA 4.3.0+260116.28,WRV"
"Referentiedatasoort:SAMENWERKINGSVERBAND","Klasse,Klasse:VERA-Inschrijvingen/VERA 4.3.0+260116.28,Overeenkomsten,
Klasse,Klasse:VERA-Serviceovereenkomsten/VERA 4.3.0+260116.28,Overeenkomsten,
Klasse,Klasse:VERA-Gemeenten/VERA 4.3.0+260116.28,Vastgoed,
Bericht,Klasse:BVG-Eenheden/VERA 4.3.0+260116.28,BVG
Bericht,Klasse:KMT-Kwaliteitsmetingsverzoeken/VERA 4.3.0+260116.28,KMT
Bericht,Klasse:VHE-Eenheden/VERA 4.3.0+260116.28,VHE
Bericht,Klasse:WRV-Eenheden/VERA 4.3.0+260116.28,WRV"
"Referentiedatasoort:SANCTIESOORT","Klasse,Klasse:VERA-Sancties/VERA 4.3.0+260116.28,Woonruimteverdeling,
Bericht,Klasse:WRV-Sancties/VERA 4.3.0+260116.28,WRV"
"Referentiedatasoort:SANCTIESTATUS","Klasse,Klasse:VERA-Sancties/VERA 4.3.0+260116.28,Woonruimteverdeling,
Bericht,Klasse:WRV-Sancties/VERA 4.3.0+260116.28,WRV"
"Referentiedatasoort:SELECTIECRITERIA","Klasse,Klasse:VERA-EenheidVoorwaardes/VERA 4.3.0+260116.28,Vastgoed,
Bericht,Klasse:BVG-Eenheden/VERA 4.3.0+260116.28,BVG
Bericht,Klasse:VHE-Eenheden/VERA 4.3.0+260116.28,VHE"
"Referentiedatasoort:SIGNALERINGDETAILSOORT","Klasse,Klasse:VERA-Signaleringen/VERA 4.3.0+260116.28,Relaties,
Bericht,Klasse:BRG-Signaleringen/VERA 4.3.0+260116.28,BRG
Bericht,Klasse:WRV-Kandidaten/VERA 4.3.0+260116.28,WRV"
"Referentiedatasoort:SIGNALERINGDETAILSTATUS","Klasse,Klasse:VERA-Signaleringen/VERA 4.3.0+260116.28,Relaties,
Bericht,Klasse:BRG-Signaleringen/VERA 4.3.0+260116.28,BRG
Bericht,Klasse:WRV-Kandidaten/VERA 4.3.0+260116.28,WRV
Bericht,Klasse:WRV-Toewijzingen/VERA 4.3.0+260116.28,WRV"
"Referentiedatasoort:SIGNALERINGSOORT","Klasse,Klasse:VERA-Signaleringen/VERA 4.3.0+260116.28,Relaties,
Bericht,Klasse:BRG-Signaleringen/VERA 4.3.0+260116.28,BRG
Bericht,Klasse:WRV-Kandidaten/VERA 4.3.0+260116.28,WRV
Bericht,Klasse:WRV-Toewijzingen/VERA 4.3.0+260116.28,WRV"
"Referentiedatasoort:SIGNALERINGSTATUS","Klasse,Klasse:VERA-Signaleringen/VERA 4.3.0+260116.28,Relaties,
Bericht,Klasse:BRG-Signaleringen/VERA 4.3.0+260116.28,BRG
Bericht,Klasse:WRV-Kandidaten/VERA 4.3.0+260116.28,WRV
Bericht,Klasse:WRV-Toewijzingen/VERA 4.3.0+260116.28,WRV"
"Referentiedatasoort:STURINGSLABEL","Klasse,Klasse:VERA-Sturingslabels/VERA 4.3.0+260116.28,Algemeen,
Bericht,Klasse:Shared-Shared/VERA 4.3.0+260116.28,Shared"
"Referentiedatasoort:STURINGSLABELBRON","Klasse,Klasse:VERA-Sturingslabels/VERA 4.3.0+260116.28,Algemeen,
Bericht,Klasse:Shared-Shared/VERA 4.3.0+260116.28,Shared"
"Referentiedatasoort:STURINGSLABELSOORT","Klasse,Klasse:VERA-Sturingslabels/VERA 4.3.0+260116.28,Algemeen,
Bericht,Klasse:Shared-Shared/VERA 4.3.0+260116.28,Shared"
"Referentiedatasoort:TAAL","Klasse,Klasse:VERA-Informatieobjecten/VERA 4.3.0+260116.28,Dossier,
Klasse,Klasse:VERA-NatuurlijkPersonen/VERA 4.3.0+260116.28,Relaties,
Klasse,Klasse:VERA-Publicaties/VERA 4.3.0+260116.28,Woonruimteverdeling,
Bericht,Klasse:BDO-Informatieobjecten/VERA 4.3.0+260116.28,BDO
Bericht,Klasse:Shared-Shared/VERA 4.3.0+260116.28,Shared
Bericht,Klasse:WRV-Publicaties/VERA 4.3.0+260116.28,WRV"
"Referentiedatasoort:TAXATIESOORT","Klasse,Klasse:VERA-Taxaties/VERA 4.3.0+260116.28,Vastgoed"
"Referentiedatasoort:TIJDSBESTEDINGDETAILSOORT","Klasse,Klasse:VERA-Tijdsbestedingen/VERA 4.3.0+260116.28,Organisatie"
"Referentiedatasoort:TIJDSBESTEDINGSOORT","Klasse,Klasse:VERA-Tijdsbestedingen/VERA 4.3.0+260116.28,Organisatie"
"Referentiedatasoort:TIJDSEENHEID","Klasse,Klasse:VERA-Tijdsbestedingen/VERA 4.3.0+260116.28,Organisatie"
"Referentiedatasoort:TOEGANKELIJKHEIDSLABEL","Klasse,Klasse:VERA-Eenheden/VERA 4.3.0+260116.28,Vastgoed,
Klasse,Klasse:VERA-VoorrangsregelingProfielen/VERA 4.3.0+260116.28,Woonruimteverdeling,
Klasse,Klasse:VERA-Zoekprofielen/VERA 4.3.0+260116.28,Woonruimteverdeling,
Klasse,Klasse:VERA-Zoekprofielen/VERA 4.3.0+260116.28,Woonruimteverdeling,
Bericht,Klasse:BVG-Eenheden/VERA 4.3.0+260116.28,BVG
Bericht,Klasse:VHE-Eenheden/VERA 4.3.0+260116.28,VHE
Bericht,Klasse:WRV-Eenheden/VERA 4.3.0+260116.28,WRV
Bericht,Klasse:WRV-Kandidaten/VERA 4.3.0+260116.28,WRV
Bericht,Klasse:WRV-Publicaties/VERA 4.3.0+260116.28,WRV
Bericht,Klasse:WRV-Toewijzingen/VERA 4.3.0+260116.28,WRV"
"Referentiedatasoort:UITEXPLOITATIEREDEN","Klasse,Klasse:VERA-Eenheden/VERA 4.3.0+260116.28,Vastgoed,
Bericht,Klasse:BVG-Eenheden/VERA 4.3.0+260116.28,BVG
Bericht,Klasse:VHE-Eenheden/VERA 4.3.0+260116.28,VHE
Bericht,Klasse:WRV-Eenheden/VERA 4.3.0+260116.28,WRV
Bericht,Klasse:WRV-Publicaties/VERA 4.3.0+260116.28,WRV"
"Referentiedatasoort:UITVOERENDESOORT","Klasse,Klasse:VERA-Onderhoudsorders/VERA 4.3.0+260116.28,Onderhoud,
Bericht,Klasse:OHD-Onderhoudsorders/VERA 4.3.0+260116.28,OHD"
"Referentiedatasoort:VACATURESOORT","Klasse,Klasse:VERA-Vacatures/VERA 4.3.0+260116.28,Organisatie"
"Referentiedatasoort:VERANTWOORDINGCONSOLIDATIE","Klasse,Klasse:VERA-ToegelatenInstellingen/VERA 4.3.0+260116.28,Financien"
"Referentiedatasoort:VERANTWOORDINGREGIME","Klasse,Klasse:VERA-ToegelatenInstellingen/VERA 4.3.0+260116.28,Financien"
"Referentiedatasoort:VERBIJZONDERINGDETAILSOORT","Klasse,Klasse:VERA-Verbijzonderingen/VERA 4.3.0+260116.28,Financien"
"Referentiedatasoort:VERBIJZONDERINGSOORT","Klasse,Klasse:VERA-Verbijzonderingen/VERA 4.3.0+260116.28,Financien"
"Referentiedatasoort:VERBIJZONDERINGSTATUS","Klasse,Klasse:VERA-Verbijzonderingen/VERA 4.3.0+260116.28,Financien"
"Referentiedatasoort:VERREKENINGSOORT","Klasse,Klasse:VERA-Onderhoudsverzoekverrekeningen/VERA 4.3.0+260116.28,Onderhoud"
"Referentiedatasoort:VERTROUWELIJKHEID","Klasse,Klasse:VERA-Informatieobjecten/VERA 4.3.0+260116.28,Dossier,
Klasse,Klasse:VERA-Zaaktypen/VERA 4.3.0+260116.28,Dossier,
Klasse,Klasse:VERA-Contactgegevens/VERA 4.3.0+260116.28,Relaties,
Klasse,Klasse:VERA-Telefoonnummers/VERA 4.3.0+260116.28,Relaties,
Bericht,Klasse:BDO-Informatieobjecten/VERA 4.3.0+260116.28,BDO
Bericht,Klasse:BDO-Zaken/VERA 4.3.0+260116.28,BDO
Bericht,Klasse:BRG-Relaties/VERA 4.3.0+260116.28,BRG
Bericht,Klasse:KMT-Kwaliteitsmetingsverzoeken/VERA 4.3.0+260116.28,KMT
Bericht,Klasse:KMT-Onderzoeksopdrachten/VERA 4.3.0+260116.28,KMT
Bericht,Klasse:OHD-Afspraken/VERA 4.3.0+260116.28,OHD
Bericht,Klasse:OHD-Onderhoudsorders/VERA 4.3.0+260116.28,OHD
Bericht,Klasse:OHD-Onderhoudsverzoeken/VERA 4.3.0+260116.28,OHD
Bericht,Klasse:Shared-Shared/VERA 4.3.0+260116.28,Shared
Bericht,Klasse:WRV-Aanbiedingen/VERA 4.3.0+260116.28,WRV
Bericht,Klasse:WRV-Eenheden/VERA 4.3.0+260116.28,WRV
Bericht,Klasse:WRV-Kandidaten/VERA 4.3.0+260116.28,WRV
Bericht,Klasse:WRV-Publicaties/VERA 4.3.0+260116.28,WRV
Bericht,Klasse:WRV-Relaties/VERA 4.3.0+260116.28,WRV"
"Referentiedatasoort:VESTIGING","Klasse,Klasse:VERA-Woonsituaties/VERA 4.3.0+260116.28,Relaties,
Klasse,Klasse:VERA-Eenheden/VERA 4.3.0+260116.28,Vastgoed,
Klasse,Klasse:VERA-Gebeurtenissen/VERA 4.3.0+260116.28,Woonruimteverdeling,
Klasse,Klasse:VERA-Puntengebeurtenissen/VERA 4.3.0+260116.28,Woonruimteverdeling,
Bericht,Klasse:BVG-Eenheden/VERA 4.3.0+260116.28,BVG
Bericht,Klasse:VHE-Eenheden/VERA 4.3.0+260116.28,VHE
Bericht,Klasse:WRV-Eenheden/VERA 4.3.0+260116.28,WRV
Bericht,Klasse:WRV-Gebeurtenissen/VERA 4.3.0+260116.28,WRV
Bericht,Klasse:WRV-Kandidaten/VERA 4.3.0+260116.28,WRV
Bericht,Klasse:WRV-Publicaties/VERA 4.3.0+260116.28,WRV
Bericht,Klasse:WRV-Puntenberekeningen/VERA 4.3.0+260116.28,WRV
Bericht,Klasse:WRV-Puntenberekeningen/VERA 4.3.0+260116.28,WRV
Bericht,Klasse:WRV-Puntengebeurtenissen/VERA 4.3.0+260116.28,WRV
Bericht,Klasse:WRV-Reclamaties/VERA 4.3.0+260116.28,WRV
Bericht,Klasse:WRV-Relaties/VERA 4.3.0+260116.28,WRV
Bericht,Klasse:WRV-Sancties/VERA 4.3.0+260116.28,WRV
Bericht,Klasse:WRV-Sancties/VERA 4.3.0+260116.28,WRV"
"Referentiedatasoort:VOORRANGDETAILSOORT","Klasse,Klasse:VERA-Voorrangsregelingen/VERA 4.3.0+260116.28,Woonruimteverdeling,
Bericht,Klasse:WRV-Kandidaten/VERA 4.3.0+260116.28,WRV
Bericht,Klasse:WRV-Toewijzingen/VERA 4.3.0+260116.28,WRV"
"Referentiedatasoort:VOORRANGEENHEIDSOORT","Klasse,Klasse:VERA-VoorrangsregelingProfielen/VERA 4.3.0+260116.28,Woonruimteverdeling,
Bericht,Klasse:WRV-Kandidaten/VERA 4.3.0+260116.28,WRV"
"Referentiedatasoort:VOORRANGSCRITERIA","Klasse,Klasse:VERA-EenheidVoorwaardes/VERA 4.3.0+260116.28,Vastgoed,
Bericht,Klasse:BVG-Eenheden/VERA 4.3.0+260116.28,BVG
Bericht,Klasse:VHE-Eenheden/VERA 4.3.0+260116.28,VHE"
"Referentiedatasoort:VOORRANGSOORT","Klasse,Klasse:VERA-Voorrangsregelingen/VERA 4.3.0+260116.28,Woonruimteverdeling,
Bericht,Klasse:WRV-Kandidaten/VERA 4.3.0+260116.28,WRV
Bericht,Klasse:WRV-Toewijzingen/VERA 4.3.0+260116.28,WRV"
"Referentiedatasoort:VRAGENLIJSTREGELHERKOMST","Klasse,Klasse:VERA-VragenlijstRegels/VERA 4.3.0+260116.28,Kwaliteit,
Bericht,Klasse:KMT-Onderzoeksopdrachten/VERA 4.3.0+260116.28,KMT
Bericht,Klasse:KMT-Onderzoeksresultaten/VERA 4.3.0+260116.28,KMT"
"Referentiedatasoort:VRAGENLIJSTREGELONDERWERPSOORT","Klasse,Klasse:VERA-VragenlijstRegels/VERA 4.3.0+260116.28,Kwaliteit,
Bericht,Klasse:KMT-Onderzoeksopdrachten/VERA 4.3.0+260116.28,KMT
Bericht,Klasse:KMT-Onderzoeksresultaten/VERA 4.3.0+260116.28,KMT"
"Referentiedatasoort:VRAGENLIJSTREGELSOORT","Klasse,Klasse:VERA-VragenlijstRegels/VERA 4.3.0+260116.28,Kwaliteit,
Bericht,Klasse:KMT-Onderzoeksopdrachten/VERA 4.3.0+260116.28,KMT
Bericht,Klasse:KMT-Onderzoeksresultaten/VERA 4.3.0+260116.28,KMT"
"Referentiedatasoort:VRAGENLIJSTSOORT","Klasse,Klasse:VERA-Vragenlijsten/VERA 4.3.0+260116.28,Kwaliteit,
Bericht,Klasse:KMT-Onderzoeksopdrachten/VERA 4.3.0+260116.28,KMT"
"Referentiedatasoort:WONINGWAARDERINGCRITERIUMGROEPSOORT","Klasse,Klasse:VERA-WoningwaarderingCriteriumGroepen/VERA 4.3.0+260116.28,Vastgoed"
"Referentiedatasoort:WONINGWAARDERINGSOORT","Klasse,Klasse:VERA-Woningwaarderingen/VERA 4.3.0+260116.28,Vastgoed,
Klasse,Klasse:VERA-Woningwaarderingcriteria/VERA 4.3.0+260116.28,Vastgoed,
Bericht,Klasse:BVG-WoningwaarderingResultaten/VERA 4.3.0+260116.28,BVG
Bericht,Klasse:BVG-WoningwaarderingResultaten/VERA 4.3.0+260116.28,BVG"
"Referentiedatasoort:WONINGWAARDERINGSTELSEL","Klasse,Klasse:VERA-Eenheden/VERA 4.3.0+260116.28,Vastgoed,
Klasse,Klasse:VERA-Eenheden/VERA 4.3.0+260116.28,Vastgoed,
Klasse,Klasse:VERA-Woningwaarderingcriteria/VERA 4.3.0+260116.28,Vastgoed,
Klasse,Klasse:VERA-WoningwaarderingCriteriumGroepen/VERA 4.3.0+260116.28,Vastgoed,
Klasse,Klasse:VERA-WoningwaarderingResultaten/VERA 4.3.0+260116.28,Vastgoed,
Bericht,Klasse:BVG-Eenheden/VERA 4.3.0+260116.28,BVG
Bericht,Klasse:BVG-WoningwaarderingResultaten/VERA 4.3.0+260116.28,BVG
Bericht,Klasse:BVG-WoningwaarderingResultaten/VERA 4.3.0+260116.28,BVG
Bericht,Klasse:BVG-WoningwaarderingResultaten/VERA 4.3.0+260116.28,BVG"
"Referentiedatasoort:WONINGWAARDERINGSTELSELGROEP","Klasse,Klasse:VERA-WoningwaarderingCriteriumGroepen/VERA 4.3.0+260116.28,Vastgoed,
Bericht,Klasse:BVG-WoningwaarderingResultaten/VERA 4.3.0+260116.28,BVG"
"Referentiedatasoort:WOONSITUATIESOORT","Klasse,Klasse:VERA-Woonsituaties/VERA 4.3.0+260116.28,Relaties,
Bericht,Klasse:WRV-Kandidaten/VERA 4.3.0+260116.28,WRV
Bericht,Klasse:WRV-Relaties/VERA 4.3.0+260116.28,WRV"
"Referentiedatasoort:WOONVORM","Klasse,Klasse:VERA-Eenheden/VERA 4.3.0+260116.28,Vastgoed,
Bericht,Klasse:BVG-Eenheden/VERA 4.3.0+260116.28,BVG
Bericht,Klasse:VHE-Eenheden/VERA 4.3.0+260116.28,VHE
Bericht,Klasse:WRV-Eenheden/VERA 4.3.0+260116.28,WRV
Bericht,Klasse:WRV-Publicaties/VERA 4.3.0+260116.28,WRV"
"Referentiedatasoort:ZAAKKENMERKGROEP","Klasse,Klasse:VERA-Zaakkenmerken/VERA 4.3.0+260116.28,Dossier,
Bericht,Klasse:BDO-Zaken/VERA 4.3.0+260116.28,BDO"
"Referentiedatasoort:ZAAKOBJECTSOORT","Klasse,Klasse:VERA-Zaakobjecten/VERA 4.3.0+260116.28,Dossier,
Bericht,Klasse:BDO-Zaken/VERA 4.3.0+260116.28,BDO"
"Referentiedatasoort:ZAAKROL","Klasse,Klasse:VERA-Zaakrollen/VERA 4.3.0+260116.28,Dossier,
Bericht,Klasse:BDO-Zaken/VERA 4.3.0+260116.28,BDO
Bericht,Klasse:BDO-Zaken/VERA 4.3.0+260116.28,BDO"
"Referentiedatasoort:ZAAKSTATUSSOORT","Klasse,Klasse:VERA-Zaakstatussen/VERA 4.3.0+260116.28,Dossier,
Bericht,Klasse:BDO-Zaken/VERA 4.3.0+260116.28,BDO"
"Referentiedatasoort:ZAAKTYPEDETAILSOORT","Klasse,Klasse:VERA-Zaaktypen/VERA 4.3.0+260116.28,Dossier,
Bericht,Klasse:BDO-Zaken/VERA 4.3.0+260116.28,BDO
Bericht,Klasse:KMT-Kwaliteitsmetingsverzoeken/VERA 4.3.0+260116.28,KMT"
"Referentiedatasoort:ZAAKTYPEDOMEIN","Klasse,Klasse:VERA-Zaaktypen/VERA 4.3.0+260116.28,Dossier"
"Referentiedatasoort:ZAAKTYPESOORT","Klasse,Klasse:VERA-Zaaktypen/VERA 4.3.0+260116.28,Dossier,
Bericht,Klasse:BDO-Zaken/VERA 4.3.0+260116.28,BDO
Bericht,Klasse:KMT-Kwaliteitsmetingsverzoeken/VERA 4.3.0+260116.28,KMT"
"Referentiedatasoort:ZEKERHEIDVERPANDINGSOORT","Klasse,Klasse:VERA-ZekerheidVerpandingen/VERA 4.3.0+260116.28,Vastgoed"
"Referentiedatasoort:ZELFSTANDIGEEENHEID","Klasse,Klasse:VERA-Zoekprofielen/VERA 4.3.0+260116.28,Woonruimteverdeling"
